-- a) Para essa etapa de instruções DML, analise as recomendações abaixo e para cada solicitação,
-- escreva a instrução SQL que resolva as ocorrências abaixo: Comercial, Contabilidade, Estoque, Financeiro, SAC, Recursos Humanos, Logística.

--Inserindo o Departamento Comercial
INSERT INTO MC_DEPTO(CD_DEPTO, NM_DEPTO, ST_DEPTO) 
    VALUES (SQ_MC_DEPTO.NEXTVAL, 'COMERCIAL', 'A');

--Inserindo o Departamento Contabilidade
INSERT INTO MC_DEPTO(CD_DEPTO, NM_DEPTO, ST_DEPTO) 
    VALUES (SQ_MC_DEPTO.NEXTVAL, 'CONTABILIDADE', 'A');

--Inserindo o Departamento Estoque
INSERT INTO MC_DEPTO(CD_DEPTO, NM_DEPTO, ST_DEPTO) 
    VALUES (SQ_MC_DEPTO.NEXTVAL, 'ESTOQUE', 'A');

--Inserindo o Departamento Financeiro
INSERT INTO MC_DEPTO(CD_DEPTO, NM_DEPTO, ST_DEPTO) 
    VALUES (SQ_MC_DEPTO.NEXTVAL, 'FINANCEIRO', 'A');

--Inserindo o Departamento Servico de Atendimento ao cliente - SAC
INSERT INTO MC_DEPTO(CD_DEPTO, NM_DEPTO, ST_DEPTO) 
    VALUES (SQ_MC_DEPTO.NEXTVAL, 'SERVICO DE ATENDIMENTO AO CLIENTE - SAC', 'A');

--Inserindo o Departamento Recursos Humanos - RH
INSERT INTO MC_DEPTO(CD_DEPTO, NM_DEPTO, ST_DEPTO) 
    VALUES (SQ_MC_DEPTO.NEXTVAL, 'RECURSOS HUMANOS - RH','A');

--Inserindo o Departamento Logistica
INSERT INTO MC_DEPTO(CD_DEPTO, NM_DEPTO, ST_DEPTO) 
    VALUES (SQ_MC_DEPTO.NEXTVAL, 'LOGISTICA', 'A');

COMMIT;

-- b) Popular a tabela FUNCIONARIO, inserindo no mínimo 3 (três) funcionários para cada departamento criado.

--Inserindo 4 funcionarios no departamento comercial(3) 
INSERT INTO MC_FUNCIONARIO(CD_FUNCIONARIO, CD_DEPTO, CD_GERENTE, NM_FUNCIONARIO, DT_NASCIMENTO, FL_SEXO_BIOLOGICO,DS_GENERO, DS_CARGO, VL_SALARIO, DS_EMAIL, ST_FUNC, DT_CADASTRAMENTO, DT_DESLIGAMENTO) 
    VALUES (SQ_MC_FUNCIONARIO.NEXTVAL, 3, 1,'Adriana Arantes',TO_DATE('12/04/83', 'DD/MM/YY'), NULL, NULL,'GERENTE COMERCIAL', 11433, NULL, NULL, TO_DATE('15/02/08', 'DD/MM/YY'), NULL);

INSERT INTO MC_FUNCIONARIO(CD_FUNCIONARIO, CD_DEPTO, CD_GERENTE, NM_FUNCIONARIO, DT_NASCIMENTO, FL_SEXO_BIOLOGICO,DS_GENERO, DS_CARGO, VL_SALARIO, DS_EMAIL, ST_FUNC, DT_CADASTRAMENTO, DT_DESLIGAMENTO) 
    VALUES (SQ_MC_FUNCIONARIO.NEXTVAL, 3, SQ_MC_FUNCIONARIO.CURRVAL-1,'Juliana Montenegro',TO_DATE('21/09/00', 'DD/MM/YY'), NULL, NULL,'ANALISTA COMERCIAL', 6800, NULL, NULL, TO_DATE('15/02/23', 'DD/MM/YY'), NULL);

INSERT INTO MC_FUNCIONARIO(CD_FUNCIONARIO, CD_DEPTO, CD_GERENTE, NM_FUNCIONARIO, DT_NASCIMENTO, FL_SEXO_BIOLOGICO,DS_GENERO, DS_CARGO, VL_SALARIO, DS_EMAIL, ST_FUNC, DT_CADASTRAMENTO, DT_DESLIGAMENTO) 
    VALUES (SQ_MC_FUNCIONARIO.NEXTVAL, 3, SQ_MC_FUNCIONARIO.CURRVAL-2,'Karina Salgueiro',TO_DATE('17/01/90', 'DD/MM/YY'), NULL, NULL,'ANALISTA COMERCIAL', 7800, NULL, NULL, TO_DATE('15/02/23', 'DD/MM/YY'), NULL);

INSERT INTO MC_FUNCIONARIO(CD_FUNCIONARIO, CD_DEPTO, CD_GERENTE, NM_FUNCIONARIO, DT_NASCIMENTO, FL_SEXO_BIOLOGICO,DS_GENERO, DS_CARGO, VL_SALARIO, DS_EMAIL, ST_FUNC, DT_CADASTRAMENTO, DT_DESLIGAMENTO) 
    VALUES (SQ_MC_FUNCIONARIO.NEXTVAL, 3, SQ_MC_FUNCIONARIO.CURRVAL-3,'Rubens Monte',TO_DATE('04/12/95', 'DD/MM/YY'), NULL, NULL,'ANALISTA COMERCIAL', 6800, NULL, NULL, TO_DATE('15/02/23', 'DD/MM/YY'), NULL);


--Inserindo 4 funcionarios no departamento de contabilidade(4)
INSERT INTO MC_FUNCIONARIO(CD_FUNCIONARIO, CD_DEPTO, CD_GERENTE, NM_FUNCIONARIO, DT_NASCIMENTO, FL_SEXO_BIOLOGICO,DS_GENERO, DS_CARGO, VL_SALARIO, DS_EMAIL, ST_FUNC, DT_CADASTRAMENTO, DT_DESLIGAMENTO) 
    VALUES (SQ_MC_FUNCIONARIO.NEXTVAL, 4, 1,'Geraldo Albuquerque',TO_DATE('11/07/85', 'DD/MM/YY'), NULL, NULL,'GERENTE CONTABILIDADE', 10400, NULL, NULL, TO_DATE('15/02/05', 'DD/MM/YY'), NULL);

INSERT INTO MC_FUNCIONARIO(CD_FUNCIONARIO, CD_DEPTO, CD_GERENTE, NM_FUNCIONARIO, DT_NASCIMENTO, FL_SEXO_BIOLOGICO,DS_GENERO, DS_CARGO, VL_SALARIO, DS_EMAIL, ST_FUNC, DT_CADASTRAMENTO, DT_DESLIGAMENTO) 
    VALUES (SQ_MC_FUNCIONARIO.NEXTVAL, 4, SQ_MC_FUNCIONARIO.CURRVAL-1,'Ricardo Santos',TO_DATE('18/11/00', 'DD/MM/YY'), NULL, NULL,'ANALISTA CONTABIL', 5800, NULL, NULL, TO_DATE('15/02/23', 'DD/MM/YY'), NULL);

INSERT INTO MC_FUNCIONARIO(CD_FUNCIONARIO, CD_DEPTO, CD_GERENTE, NM_FUNCIONARIO, DT_NASCIMENTO, FL_SEXO_BIOLOGICO,DS_GENERO, DS_CARGO, VL_SALARIO, DS_EMAIL, ST_FUNC, DT_CADASTRAMENTO, DT_DESLIGAMENTO) 
    VALUES (SQ_MC_FUNCIONARIO.NEXTVAL, 4, SQ_MC_FUNCIONARIO.CURRVAL-2,'Mariana Vargas',TO_DATE('28/10/95', 'DD/MM/YY'), NULL, NULL,'ANALISTA CONTABIL', 6300, NULL, NULL, TO_DATE('15/02/23', 'DD/MM/YY'), NULL);

INSERT INTO MC_FUNCIONARIO(CD_FUNCIONARIO, CD_DEPTO, CD_GERENTE, NM_FUNCIONARIO, DT_NASCIMENTO, FL_SEXO_BIOLOGICO,DS_GENERO, DS_CARGO, VL_SALARIO, DS_EMAIL, ST_FUNC, DT_CADASTRAMENTO, DT_DESLIGAMENTO) 
    VALUES (SQ_MC_FUNCIONARIO.NEXTVAL, 4, SQ_MC_FUNCIONARIO.CURRVAL-3,'Ana Luisa Vieira',TO_DATE('08/06/96', 'DD/MM/YY'), NULL, NULL,'ANALISTA CONTABIL', 6389, NULL, NULL, TO_DATE('18/02/21', 'DD/MM/YY'), NULL);


--Inserindo 4 funcionarios no departamento de Estoque(5)
INSERT INTO MC_FUNCIONARIO(CD_FUNCIONARIO, CD_DEPTO, CD_GERENTE, NM_FUNCIONARIO, DT_NASCIMENTO, FL_SEXO_BIOLOGICO,DS_GENERO, DS_CARGO, VL_SALARIO, DS_EMAIL, ST_FUNC, DT_CADASTRAMENTO, DT_DESLIGAMENTO) 
    VALUES (SQ_MC_FUNCIONARIO.NEXTVAL, 5, 1,'Mateus Luchesse',TO_DATE('24/05/86', 'DD/MM/YY'), NULL, NULL,'GERENTE ESTOQUE', 10400, NULL, NULL, TO_DATE('15/02/10', 'DD/MM/YY'), NULL);

INSERT INTO MC_FUNCIONARIO(CD_FUNCIONARIO, CD_DEPTO, CD_GERENTE, NM_FUNCIONARIO, DT_NASCIMENTO, FL_SEXO_BIOLOGICO,DS_GENERO, DS_CARGO, VL_SALARIO, DS_EMAIL, ST_FUNC, DT_CADASTRAMENTO, DT_DESLIGAMENTO) 
    VALUES (SQ_MC_FUNCIONARIO.NEXTVAL, 5, SQ_MC_FUNCIONARIO.CURRVAL-1,'Karla Andrade',TO_DATE('02/08/96', 'DD/MM/YY'), NULL, NULL,'ANALISTA ESTOQUE', 6300, NULL, NULL, TO_DATE('11/02/18', 'DD/MM/YY'), NULL);

INSERT INTO MC_FUNCIONARIO(CD_FUNCIONARIO, CD_DEPTO, CD_GERENTE, NM_FUNCIONARIO, DT_NASCIMENTO, FL_SEXO_BIOLOGICO,DS_GENERO, DS_CARGO, VL_SALARIO, DS_EMAIL, ST_FUNC, DT_CADASTRAMENTO, DT_DESLIGAMENTO) 
    VALUES (SQ_MC_FUNCIONARIO.NEXTVAL, 5, SQ_MC_FUNCIONARIO.CURRVAL-2,'Leonardo Sakagushi',TO_DATE('28/11/93', 'DD/MM/YY'), NULL, NULL,'ANALISTA ESTOQUE', 6300, NULL, NULL, TO_DATE('07/02/17', 'DD/MM/YY'), NULL);

INSERT INTO MC_FUNCIONARIO(CD_FUNCIONARIO, CD_DEPTO, CD_GERENTE, NM_FUNCIONARIO, DT_NASCIMENTO, FL_SEXO_BIOLOGICO,DS_GENERO, DS_CARGO, VL_SALARIO, DS_EMAIL, ST_FUNC, DT_CADASTRAMENTO, DT_DESLIGAMENTO) 
    VALUES (SQ_MC_FUNCIONARIO.NEXTVAL, 5, SQ_MC_FUNCIONARIO.CURRVAL-3,'Carolina Abrantes',TO_DATE('22/09/90', 'DD/MM/YY'), NULL, NULL,'ANALISTA ESTOQUE', 6540, NULL, NULL, TO_DATE('15/02/14', 'DD/MM/YY'), NULL);


--Inserindo 4 funcionarios no departamento de financeiro(6)
INSERT INTO MC_FUNCIONARIO(CD_FUNCIONARIO, CD_DEPTO, CD_GERENTE, NM_FUNCIONARIO, DT_NASCIMENTO, FL_SEXO_BIOLOGICO,DS_GENERO, DS_CARGO, VL_SALARIO, DS_EMAIL, ST_FUNC, DT_CADASTRAMENTO, DT_DESLIGAMENTO) 
    VALUES (SQ_MC_FUNCIONARIO.NEXTVAL, 6, 1,'Roberta Branco',TO_DATE('09/02/85', 'DD/MM/YY'), NULL, NULL,'GERENTE FINANCEIRO', 12940, NULL, NULL, TO_DATE('16/02/09', 'DD/MM/YY'), NULL);

INSERT INTO MC_FUNCIONARIO(CD_FUNCIONARIO, CD_DEPTO, CD_GERENTE, NM_FUNCIONARIO, DT_NASCIMENTO, FL_SEXO_BIOLOGICO,DS_GENERO, DS_CARGO, VL_SALARIO, DS_EMAIL, ST_FUNC, DT_CADASTRAMENTO, DT_DESLIGAMENTO) 
    VALUES (SQ_MC_FUNCIONARIO.NEXTVAL, 6, SQ_MC_FUNCIONARIO.CURRVAL-1,'Fernando Soares',TO_DATE('17/11/89', 'DD/MM/YY'), NULL, NULL,'ANALISTA FINANCEIRO', 7200, NULL, NULL, TO_DATE('25/02/09', 'DD/MM/YY'), NULL);

INSERT INTO MC_FUNCIONARIO(CD_FUNCIONARIO, CD_DEPTO, CD_GERENTE, NM_FUNCIONARIO, DT_NASCIMENTO, FL_SEXO_BIOLOGICO,DS_GENERO, DS_CARGO, VL_SALARIO, DS_EMAIL, ST_FUNC, DT_CADASTRAMENTO, DT_DESLIGAMENTO) 
    VALUES (SQ_MC_FUNCIONARIO.NEXTVAL, 6, SQ_MC_FUNCIONARIO.CURRVAL-2,'Tulio Heguer',TO_DATE('14/03/90', 'DD/MM/YY'), NULL, NULL,'ANALISTA FINANCEIRO', 6900, NULL, NULL, TO_DATE('21/06/12', 'DD/MM/YY'), NULL);

INSERT INTO MC_FUNCIONARIO(CD_FUNCIONARIO, CD_DEPTO, CD_GERENTE, NM_FUNCIONARIO, DT_NASCIMENTO, FL_SEXO_BIOLOGICO,DS_GENERO, DS_CARGO, VL_SALARIO, DS_EMAIL, ST_FUNC, DT_CADASTRAMENTO, DT_DESLIGAMENTO) 
    VALUES (SQ_MC_FUNCIONARIO.NEXTVAL, 6, SQ_MC_FUNCIONARIO.CURRVAL-3,'Camila Scavuzzi',TO_DATE('04/07/88', 'DD/MM/YY'), NULL, NULL,'ANALISTA FINANCEIRO', 7300, NULL, NULL, TO_DATE('25/02/09', 'DD/MM/YY'), NULL);


--Inserindo 4 funcionarios no departamento de SAC(7)
INSERT INTO MC_FUNCIONARIO(CD_FUNCIONARIO, CD_DEPTO, CD_GERENTE, NM_FUNCIONARIO, DT_NASCIMENTO, FL_SEXO_BIOLOGICO,DS_GENERO, DS_CARGO, VL_SALARIO, DS_EMAIL, ST_FUNC, DT_CADASTRAMENTO, DT_DESLIGAMENTO) 
    VALUES (SQ_MC_FUNCIONARIO.NEXTVAL, 7, 1,'Eduardo Melo',TO_DATE('08/01/85', 'DD/MM/YY'), NULL, NULL,'GERENTE ATENDIMENTO AO CLIENTE', 11600, NULL, NULL, TO_DATE('09/04/10', 'DD/MM/YY'), NULL);

INSERT INTO MC_FUNCIONARIO(CD_FUNCIONARIO, CD_DEPTO, CD_GERENTE, NM_FUNCIONARIO, DT_NASCIMENTO, FL_SEXO_BIOLOGICO,DS_GENERO, DS_CARGO, VL_SALARIO, DS_EMAIL, ST_FUNC, DT_CADASTRAMENTO, DT_DESLIGAMENTO) 
    VALUES (SQ_MC_FUNCIONARIO.NEXTVAL, 7, SQ_MC_FUNCIONARIO.CURRVAL-1,'Beatriz Mendonca',TO_DATE('17/11/86', 'DD/MM/YY'), NULL, NULL,'ANALISTA ATENDIMENTO AO CLIENTE', 6900, NULL, NULL, TO_DATE('07/03/10', 'DD/MM/YY'), NULL);

INSERT INTO MC_FUNCIONARIO(CD_FUNCIONARIO, CD_DEPTO, CD_GERENTE, NM_FUNCIONARIO, DT_NASCIMENTO, FL_SEXO_BIOLOGICO,DS_GENERO, DS_CARGO, VL_SALARIO, DS_EMAIL, ST_FUNC, DT_CADASTRAMENTO, DT_DESLIGAMENTO) 
    VALUES (SQ_MC_FUNCIONARIO.NEXTVAL, 7, SQ_MC_FUNCIONARIO.CURRVAL-2,'Clarice Santos',TO_DATE('03/08/90', 'DD/MM/YY'), NULL, NULL,'ANALISTA ATENDIMENTO AO CLIENTE', 6580, NULL, NULL, TO_DATE('08/09/15', 'DD/MM/YY'), NULL);

INSERT INTO MC_FUNCIONARIO(CD_FUNCIONARIO, CD_DEPTO, CD_GERENTE, NM_FUNCIONARIO, DT_NASCIMENTO, FL_SEXO_BIOLOGICO,DS_GENERO, DS_CARGO, VL_SALARIO, DS_EMAIL, ST_FUNC, DT_CADASTRAMENTO, DT_DESLIGAMENTO) 
    VALUES (SQ_MC_FUNCIONARIO.NEXTVAL, 7, SQ_MC_FUNCIONARIO.CURRVAL-3,'Arthur Rizzo',TO_DATE('13/12/90', 'DD/MM/YY'), NULL, NULL,'ANALISTA ATENDIMENTO AO CLIENTE', 6580, NULL, NULL, TO_DATE('08/09/18', 'DD/MM/YY'), NULL);


--Inserindo 4 funcionarios no departamento de RH(8)
INSERT INTO MC_FUNCIONARIO(CD_FUNCIONARIO, CD_DEPTO, CD_GERENTE, NM_FUNCIONARIO, DT_NASCIMENTO, FL_SEXO_BIOLOGICO,DS_GENERO, DS_CARGO, VL_SALARIO, DS_EMAIL, ST_FUNC, DT_CADASTRAMENTO, DT_DESLIGAMENTO) 
    VALUES (SQ_MC_FUNCIONARIO.NEXTVAL, 8, 1,'Paula Ximenes',TO_DATE('05/05/80', 'DD/MM/YY'), NULL, NULL,'GERENTE RECURSOS HUMANOS', 11980, NULL, NULL, TO_DATE('02/01/05', 'DD/MM/YY'), NULL);

INSERT INTO MC_FUNCIONARIO(CD_FUNCIONARIO, CD_DEPTO, CD_GERENTE, NM_FUNCIONARIO, DT_NASCIMENTO, FL_SEXO_BIOLOGICO,DS_GENERO, DS_CARGO, VL_SALARIO, DS_EMAIL, ST_FUNC, DT_CADASTRAMENTO, DT_DESLIGAMENTO) 
    VALUES (SQ_MC_FUNCIONARIO.NEXTVAL, 8, SQ_MC_FUNCIONARIO.CURRVAL-1,'Maria Julia Gouveia',TO_DATE('04/02/99', 'DD/MM/YY'), NULL, NULL,'ANALISTA RECURSOS HUMANOS', 6300, NULL, NULL, TO_DATE('08/09/22', 'DD/MM/YY'), NULL);

INSERT INTO MC_FUNCIONARIO(CD_FUNCIONARIO, CD_DEPTO, CD_GERENTE, NM_FUNCIONARIO, DT_NASCIMENTO, FL_SEXO_BIOLOGICO,DS_GENERO, DS_CARGO, VL_SALARIO, DS_EMAIL, ST_FUNC, DT_CADASTRAMENTO, DT_DESLIGAMENTO) 
    VALUES (SQ_MC_FUNCIONARIO.NEXTVAL, 8, SQ_MC_FUNCIONARIO.CURRVAL-2,'David Alves',TO_DATE('13/05/93', 'DD/MM/YY'), NULL, NULL,'ANALISTA RECURSOS HUMANOS', 6300, NULL, NULL, TO_DATE('02/01/00', 'DD/MM/YY'), NULL);

INSERT INTO MC_FUNCIONARIO(CD_FUNCIONARIO, CD_DEPTO, CD_GERENTE, NM_FUNCIONARIO, DT_NASCIMENTO, FL_SEXO_BIOLOGICO,DS_GENERO, DS_CARGO, VL_SALARIO, DS_EMAIL, ST_FUNC, DT_CADASTRAMENTO, DT_DESLIGAMENTO) 
    VALUES (SQ_MC_FUNCIONARIO.NEXTVAL, 8, SQ_MC_FUNCIONARIO.CURRVAL-3,'Gustavo Fazio',TO_DATE('04/02/95', 'DD/MM/YY'), NULL, NULL,'ANALISTA RECURSOS HUMANOS', 6300, NULL, NULL, TO_DATE('02/01/00', 'DD/MM/YY'), NULL);


--Inserindo 4 funcionarios no departamento de Logistica(9)
INSERT INTO MC_FUNCIONARIO(CD_FUNCIONARIO, CD_DEPTO, CD_GERENTE, NM_FUNCIONARIO, DT_NASCIMENTO, FL_SEXO_BIOLOGICO,DS_GENERO, DS_CARGO, VL_SALARIO, DS_EMAIL, ST_FUNC, DT_CADASTRAMENTO, DT_DESLIGAMENTO) 
    VALUES (SQ_MC_FUNCIONARIO.NEXTVAL, 9, 1,'Murilo Souza',TO_DATE('09/08/83', 'DD/MM/YY'), NULL, NULL,'GERENTE LOGISTICA', 11980, NULL, NULL, TO_DATE('02/01/05', 'DD/MM/YY'), NULL);

INSERT INTO MC_FUNCIONARIO(CD_FUNCIONARIO, CD_DEPTO, CD_GERENTE, NM_FUNCIONARIO, DT_NASCIMENTO, FL_SEXO_BIOLOGICO,DS_GENERO, DS_CARGO, VL_SALARIO, DS_EMAIL, ST_FUNC, DT_CADASTRAMENTO, DT_DESLIGAMENTO) 
    VALUES (SQ_MC_FUNCIONARIO.NEXTVAL, 9, SQ_MC_FUNCIONARIO.CURRVAL-1,'Regina Furtado',TO_DATE('02/05/88', 'DD/MM/YY'), NULL, NULL,'ANALISTA LOGISTICA', 6300, NULL, NULL, TO_DATE('02/01/06', 'DD/MM/YY'), NULL);

INSERT INTO MC_FUNCIONARIO(CD_FUNCIONARIO, CD_DEPTO, CD_GERENTE, NM_FUNCIONARIO, DT_NASCIMENTO, FL_SEXO_BIOLOGICO,DS_GENERO, DS_CARGO, VL_SALARIO, DS_EMAIL, ST_FUNC, DT_CADASTRAMENTO, DT_DESLIGAMENTO) 
    VALUES (SQ_MC_FUNCIONARIO.NEXTVAL, 9, SQ_MC_FUNCIONARIO.CURRVAL-2,'Gabriela Nakamura',TO_DATE('12/02/84', 'DD/MM/YY'), NULL, NULL,'ANALISTA LOGISTICA', 6300, NULL, NULL, TO_DATE('02/01/06', 'DD/MM/YY'), NULL);

INSERT INTO MC_FUNCIONARIO(CD_FUNCIONARIO, CD_DEPTO, CD_GERENTE, NM_FUNCIONARIO, DT_NASCIMENTO, FL_SEXO_BIOLOGICO,DS_GENERO, DS_CARGO, VL_SALARIO, DS_EMAIL, ST_FUNC, DT_CADASTRAMENTO, DT_DESLIGAMENTO) 
    VALUES (SQ_MC_FUNCIONARIO.NEXTVAL, 9, SQ_MC_FUNCIONARIO.CURRVAL-3,'Maria Evans',TO_DATE('22/08/85', 'DD/MM/YY'), NULL, NULL,'ANALISTA LOGISTICA', 6300, NULL, NULL, TO_DATE('02/01/06', 'DD/MM/YY'), NULL);

COMMIT;

-- c) Parte 1: POPULAR A TABELA MC_ESTADO COM TODOS OS ESTADOS DO BRASIL

INSERT INTO MC_ESTADO(SG_ESTADO, NM_ESTADO)
    VALUES ('AC','Acre');

INSERT INTO MC_ESTADO(SG_ESTADO, NM_ESTADO)
    VALUES ('AL','Alagoas');

INSERT INTO MC_ESTADO(SG_ESTADO, NM_ESTADO)
    VALUES ('AP','Amapa');

INSERT INTO MC_ESTADO(SG_ESTADO, NM_ESTADO)
    VALUES ('AM', 'Amazonas');

INSERT INTO MC_ESTADO(SG_ESTADO, NM_ESTADO)
    VALUES ('BA', 'Bahia');

INSERT INTO MC_ESTADO(SG_ESTADO, NM_ESTADO)
    VALUES ('CE', 'Ceara');

INSERT INTO MC_ESTADO(SG_ESTADO, NM_ESTADO)
    VALUES ('ES', 'Espirito Santo');

INSERT INTO MC_ESTADO(SG_ESTADO, NM_ESTADO)
    VALUES ('GO', 'Goias');

INSERT INTO MC_ESTADO(SG_ESTADO, NM_ESTADO)
    VALUES ('MA', 'Maranhao');

INSERT INTO MC_ESTADO(SG_ESTADO, NM_ESTADO)
    VALUES ('MT', 'Mato Grosso');

INSERT INTO MC_ESTADO(SG_ESTADO, NM_ESTADO)
    VALUES ('MS', 'Mato Grosso do Sul');

INSERT INTO MC_ESTADO(SG_ESTADO, NM_ESTADO)
    VALUES ('MG', 'Minas Gerais');

INSERT INTO MC_ESTADO(SG_ESTADO, NM_ESTADO)
    VALUES ('PA', 'Para');

INSERT INTO MC_ESTADO(SG_ESTADO, NM_ESTADO)
    VALUES ('PB', 'Paraiba');

INSERT INTO MC_ESTADO(SG_ESTADO, NM_ESTADO)
    VALUES ('PR', 'Parana');

INSERT INTO MC_ESTADO(SG_ESTADO, NM_ESTADO)
    VALUES ('PE', 'Pernambuco');

INSERT INTO MC_ESTADO(SG_ESTADO, NM_ESTADO)
    VALUES ('PI', 'Piaui');

INSERT INTO MC_ESTADO(SG_ESTADO, NM_ESTADO)
    VALUES ('RJ', 'Rio de Janeiro');

INSERT INTO MC_ESTADO(SG_ESTADO, NM_ESTADO)
    VALUES ('RN', 'Rio Grande do Norte');

INSERT INTO MC_ESTADO(SG_ESTADO, NM_ESTADO)
    VALUES ('RS', 'Rio Grande do Sul');

INSERT INTO MC_ESTADO(SG_ESTADO, NM_ESTADO)
    VALUES ('RO', 'Rondonia');

INSERT INTO MC_ESTADO(SG_ESTADO, NM_ESTADO)
    VALUES ('RR', 'Roraima');

INSERT INTO MC_ESTADO(SG_ESTADO, NM_ESTADO)
    VALUES ('SC', 'Santa Catarina');

INSERT INTO MC_ESTADO(SG_ESTADO, NM_ESTADO)
    VALUES ('SP', 'Sao Paulo');

INSERT INTO MC_ESTADO(SG_ESTADO, NM_ESTADO)
    VALUES ('SE', 'Sergipe');

INSERT INTO MC_ESTADO(SG_ESTADO, NM_ESTADO)
    VALUES ('TO', 'Tocantins');

INSERT INTO MC_ESTADO(SG_ESTADO, NM_ESTADO)
    VALUES ('DF', 'Distrito Federal');

COMMIT;

--c) Parte 2: POPULAR A TABELA MC_CIDADE ASSOCIANDO NO MiNIMO 2 CIDADES PARA 
--CADA UM DOS 5 ESTADOS SELECIONADOS

--Inserindo 3 cidades no estado de Sao Paulo
INSERT INTO MC_CIDADE (CD_CIDADE, SG_ESTADO, NM_CIDADE, CD_IBGE, NR_DDD)
    VALUES (SQ_MC_CIDADE.NEXTVAL, 'SP', 'CAMPINAS', 3509502, 19);

INSERT INTO MC_CIDADE (CD_CIDADE, SG_ESTADO, NM_CIDADE, CD_IBGE, NR_DDD)
    VALUES (SQ_MC_CIDADE.NEXTVAL, 'SP', 'SAO JOSE DOS CAMPOS', 3549904, 12);

INSERT INTO MC_CIDADE (CD_CIDADE, SG_ESTADO, NM_CIDADE, CD_IBGE, NR_DDD)
    VALUES (SQ_MC_CIDADE.NEXTVAL, 'SP', 'RIBEIRAO PRETO', 3543402, 16);

--Inserindo 3 cidades no estado de Minas Gerais
INSERT INTO MC_CIDADE (CD_CIDADE, SG_ESTADO, NM_CIDADE, CD_IBGE, NR_DDD)
    VALUES (SQ_MC_CIDADE.NEXTVAL, 'MG', 'UBERLANDIA', 3170206, 34);

INSERT INTO MC_CIDADE (CD_CIDADE, SG_ESTADO, NM_CIDADE, CD_IBGE, NR_DDD)
    VALUES (SQ_MC_CIDADE.NEXTVAL, 'MG', 'BELO HORIZONTE', 3106200, 31);

INSERT INTO MC_CIDADE (CD_CIDADE, SG_ESTADO, NM_CIDADE, CD_IBGE, NR_DDD)
    VALUES (SQ_MC_CIDADE.NEXTVAL, 'MG', 'JUIZ DE FORA', 3136702, 32);

--Inserindo 3 cidades no estado de Pernambuco
INSERT INTO MC_CIDADE (CD_CIDADE, SG_ESTADO, NM_CIDADE, CD_IBGE, NR_DDD)
    VALUES (SQ_MC_CIDADE.NEXTVAL, 'PE', 'CARUARU', 2604106,81);

INSERT INTO MC_CIDADE (CD_CIDADE, SG_ESTADO, NM_CIDADE, CD_IBGE, NR_DDD)
    VALUES (SQ_MC_CIDADE.NEXTVAL, 'PE', 'RECIFE', 2611606,81);

INSERT INTO MC_CIDADE (CD_CIDADE, SG_ESTADO, NM_CIDADE, CD_IBGE, NR_DDD)
    VALUES (SQ_MC_CIDADE.NEXTVAL, 'PE', 'PETROLINA', 2611101,87);

--Inserindo 3 cidades no estado de Rio Grande do Norte
INSERT INTO MC_CIDADE (CD_CIDADE, SG_ESTADO, NM_CIDADE, CD_IBGE, NR_DDD)
    VALUES (SQ_MC_CIDADE.NEXTVAL, 'RN', 'NATAL', 2408102, 84);

INSERT INTO MC_CIDADE (CD_CIDADE, SG_ESTADO, NM_CIDADE, CD_IBGE, NR_DDD)
    VALUES (SQ_MC_CIDADE.NEXTVAL, 'RN', 'MOSSORO',2408003, 84);

INSERT INTO MC_CIDADE (CD_CIDADE, SG_ESTADO, NM_CIDADE, CD_IBGE, NR_DDD)
    VALUES (SQ_MC_CIDADE.NEXTVAL, 'RN', 'PARNAMIRIM', 2403251, 84);

--Inserindo 3 cidades no estado de Santa Catarina
INSERT INTO MC_CIDADE (CD_CIDADE, SG_ESTADO, NM_CIDADE, CD_IBGE, NR_DDD)
    VALUES (SQ_MC_CIDADE.NEXTVAL, 'SC', 'JOINVILLE', 4209102, 47);

INSERT INTO MC_CIDADE (CD_CIDADE, SG_ESTADO, NM_CIDADE, CD_IBGE, NR_DDD)
    VALUES (SQ_MC_CIDADE.NEXTVAL, 'SC', 'FLORIANOPOLIS', 4205407, 48);

INSERT INTO MC_CIDADE (CD_CIDADE, SG_ESTADO, NM_CIDADE, CD_IBGE, NR_DDD)
    VALUES (SQ_MC_CIDADE.NEXTVAL, 'SC', 'BALNEARIO CAMBORIU', 4202008, 48);


/*UPDATE MC_CIDADE
SET CD_CIDADE = 12, SG_ESTADO = 'RN', NM_CIDADE = 'PARNAMIRIM', CD_IBGE = 2403251,NR_DDD = 84
WHERE CD_CIDADE = 12 */
 
COMMIT;

/* c) Parte 3: Para cada cidade, associe no minimo 1 bairro e para cada bairro, associe 
2 enderecos. Utilize nomes significativos e coerentes, de acordo com a base 
do Correio*/ 

INSERT INTO MC_BAIRRO (CD_BAIRRO, CD_CIDADE, NM_BAIRRO, NM_ZONA_BAIRRO) 
    VALUES (SQ_MC_BAIRRO.NEXTVAL, 1, 'JARDIM SAO JOSE', 'ZONA SUL');

INSERT INTO MC_BAIRRO (CD_BAIRRO, CD_CIDADE, NM_BAIRRO, NM_ZONA_BAIRRO) 
    VALUES (SQ_MC_BAIRRO.NEXTVAL, 1, 'PARQUE SAO QUIRINO', 'ZONA NORTE');

INSERT INTO MC_BAIRRO (CD_BAIRRO, CD_CIDADE, NM_BAIRRO, NM_ZONA_BAIRRO) 
    VALUES (SQ_MC_BAIRRO.NEXTVAL, 2, 'VISTA VERDE', 'ZONA NORTE');

INSERT INTO MC_BAIRRO (CD_BAIRRO, CD_CIDADE, NM_BAIRRO, NM_ZONA_BAIRRO) 
    VALUES (SQ_MC_BAIRRO.NEXTVAL, 2, 'JARDIM COLONIAL', 'ZONA SUL');

INSERT INTO MC_BAIRRO (CD_BAIRRO, CD_CIDADE, NM_BAIRRO, NM_ZONA_BAIRRO) 
    VALUES (SQ_MC_BAIRRO.NEXTVAL, 3, 'PLANALTO VERDE', 'ZONA OESTE');

INSERT INTO MC_BAIRRO (CD_BAIRRO, CD_CIDADE, NM_BAIRRO, NM_ZONA_BAIRRO) 
    VALUES (SQ_MC_BAIRRO.NEXTVAL, 3, 'NOVA ALIANCA', 'ZONA SUL');

INSERT INTO MC_BAIRRO (CD_BAIRRO, CD_CIDADE, NM_BAIRRO, NM_ZONA_BAIRRO) 
    VALUES (SQ_MC_BAIRRO.NEXTVAL, 4, 'ALVORADA', 'ZONA LESTE');

INSERT INTO MC_BAIRRO (CD_BAIRRO, CD_CIDADE, NM_BAIRRO, NM_ZONA_BAIRRO) 
    VALUES (SQ_MC_BAIRRO.NEXTVAL, 4, 'TOCANTINS', 'ZONA OESTE');

INSERT INTO MC_BAIRRO (CD_BAIRRO, CD_CIDADE, NM_BAIRRO, NM_ZONA_BAIRRO) 
    VALUES (SQ_MC_BAIRRO.NEXTVAL, 5, 'PAMPULHA', 'ZONA NORTE');

INSERT INTO MC_BAIRRO (CD_BAIRRO, CD_CIDADE, NM_BAIRRO, NM_ZONA_BAIRRO) 
    VALUES (SQ_MC_BAIRRO.NEXTVAL, 5, 'DISTRITO INDUSTRIAL DO JATOBA', 'ZONA SUL');

INSERT INTO MC_BAIRRO (CD_BAIRRO, CD_CIDADE, NM_BAIRRO, NM_ZONA_BAIRRO) 
    VALUES (SQ_MC_BAIRRO.NEXTVAL, 6,'SANTA LUZIA', 'ZONA SUL');

INSERT INTO MC_BAIRRO (CD_BAIRRO, CD_CIDADE, NM_BAIRRO, NM_ZONA_BAIRRO) 
    VALUES (SQ_MC_BAIRRO.NEXTVAL, 6,'ENCOSTA DO SOL', 'ZONA OESTE');

INSERT INTO MC_BAIRRO (CD_BAIRRO, CD_CIDADE, NM_BAIRRO, NM_ZONA_BAIRRO) 
    VALUES (SQ_MC_BAIRRO.NEXTVAL, 7,'KENNEDY', 'ZONA OESTE');

INSERT INTO MC_BAIRRO (CD_BAIRRO, CD_CIDADE, NM_BAIRRO, NM_ZONA_BAIRRO) 
    VALUES (SQ_MC_BAIRRO.NEXTVAL, 7,'MAURICIO DE NASSAU', 'CENTRO');

INSERT INTO MC_BAIRRO (CD_BAIRRO, CD_CIDADE, NM_BAIRRO, NM_ZONA_BAIRRO) 
    VALUES (SQ_MC_BAIRRO.NEXTVAL, 8,'PINA', 'ZONA SUL');

INSERT INTO MC_BAIRRO (CD_BAIRRO, CD_CIDADE, NM_BAIRRO, NM_ZONA_BAIRRO) 
    VALUES (SQ_MC_BAIRRO.NEXTVAL, 8,'BAIRRO DO RECIFE', 'CENTRO');

INSERT INTO MC_BAIRRO (CD_BAIRRO, CD_CIDADE, NM_BAIRRO, NM_ZONA_BAIRRO) 
    VALUES (SQ_MC_BAIRRO.NEXTVAL, 9,'DOM AVELAR', 'ZONA NORTE');

INSERT INTO MC_BAIRRO (CD_BAIRRO, CD_CIDADE, NM_BAIRRO, NM_ZONA_BAIRRO) 
    VALUES (SQ_MC_BAIRRO.NEXTVAL, 9,'SAO GONCALO', 'ZONA OESTE');

INSERT INTO MC_BAIRRO (CD_BAIRRO, CD_CIDADE, NM_BAIRRO, NM_ZONA_BAIRRO) 
    VALUES (SQ_MC_BAIRRO.NEXTVAL, 10,'PONTA NEGRA', 'ZONA SUL');

INSERT INTO MC_BAIRRO (CD_BAIRRO, CD_CIDADE, NM_BAIRRO, NM_ZONA_BAIRRO) 
    VALUES (SQ_MC_BAIRRO.NEXTVAL, 10,'TIROL', 'CENTRO');

INSERT INTO MC_BAIRRO (CD_BAIRRO, CD_CIDADE, NM_BAIRRO, NM_ZONA_BAIRRO) 
    VALUES (SQ_MC_BAIRRO.NEXTVAL, 11,'ALTO SUMARE', 'ZONA SUL');

INSERT INTO MC_BAIRRO (CD_BAIRRO, CD_CIDADE, NM_BAIRRO, NM_ZONA_BAIRRO) 
    VALUES (SQ_MC_BAIRRO.NEXTVAL, 11,'RINCAO', 'ZONA LESTE');

INSERT INTO MC_BAIRRO (CD_BAIRRO, CD_CIDADE, NM_BAIRRO, NM_ZONA_BAIRRO) 
    VALUES (SQ_MC_BAIRRO.NEXTVAL, 12,'CENTRO', 'ZONA CENTRAL');

INSERT INTO MC_BAIRRO (CD_BAIRRO, CD_CIDADE, NM_BAIRRO, NM_ZONA_BAIRRO) 
    VALUES (SQ_MC_BAIRRO.NEXTVAL, 12,'NOVA PARNAMIRIM', 'ZONA LESTE');

INSERT INTO MC_BAIRRO (CD_BAIRRO, CD_CIDADE, NM_BAIRRO, NM_ZONA_BAIRRO) 
    VALUES (SQ_MC_BAIRRO.NEXTVAL, 13,'PARQUE GUARANI', 'ZONA SUL');

INSERT INTO MC_BAIRRO (CD_BAIRRO, CD_CIDADE, NM_BAIRRO, NM_ZONA_BAIRRO) 
    VALUES (SQ_MC_BAIRRO.NEXTVAL, 13,'AVENTUREIRO', 'ZONA SUL');

INSERT INTO MC_BAIRRO (CD_BAIRRO, CD_CIDADE, NM_BAIRRO, NM_ZONA_BAIRRO) 
    VALUES (SQ_MC_BAIRRO.NEXTVAL, 14,'PRAIA BRAVA','ZONA NORTE');

INSERT INTO MC_BAIRRO (CD_BAIRRO, CD_CIDADE, NM_BAIRRO, NM_ZONA_BAIRRO) 
    VALUES (SQ_MC_BAIRRO.NEXTVAL, 14,'CAMPECHE','ZONA SUL');

INSERT INTO MC_BAIRRO (CD_BAIRRO, CD_CIDADE, NM_BAIRRO, NM_ZONA_BAIRRO) 
    VALUES (SQ_MC_BAIRRO.NEXTVAL, 15,'BARRA', 'ZONA SUL');

INSERT INTO MC_BAIRRO (CD_BAIRRO, CD_CIDADE, NM_BAIRRO, NM_ZONA_BAIRRO) 
    VALUES (SQ_MC_BAIRRO.NEXTVAL, 15,'PIONEIROS', 'ZONA NORTE');

COMMIT;

-- c) parte 4: PARA CADA BAIRRO , ASSOCIE 2 ENDERECOS. 

INSERT INTO MC_LOGRADOURO(CD_LOGRADOURO , CD_BAIRRO , NM_LOGRADOURO , NR_CEP)
    VALUES (SQ_MC_LOGRADOURO.NEXTVAL , 1 , 'RUA RODOLFO PANONI' , 13051170)
    
INSERT INTO MC_LOGRADOURO(CD_LOGRADOURO , CD_BAIRRO , NM_LOGRADOURO , NR_CEP)
    VALUES (SQ_MC_LOGRADOURO.NEXTVAL , 1 , 'RUA MIGUEL JOAO JORGE' , 13051172)
    
INSERT INTO MC_LOGRADOURO(CD_LOGRADOURO , CD_BAIRRO , NM_LOGRADOURO , NR_CEP)
    VALUES (SQ_MC_LOGRADOURO.NEXTVAL , 2 , 'RUA LUIS PAOLIERI' , 13088390)
    
INSERT INTO MC_LOGRADOURO(CD_LOGRADOURO , CD_BAIRRO , NM_LOGRADOURO , NR_CEP)
    VALUES (SQ_MC_LOGRADOURO.NEXTVAL , 2 , 'RUA CYRENIA ARRUDA CAMARGO' , 13088106)
    
INSERT INTO MC_LOGRADOURO(CD_LOGRADOURO , CD_BAIRRO , NM_LOGRADOURO , NR_CEP)
    VALUES (SQ_MC_LOGRADOURO.NEXTVAL , 3 , 'RUA ARUBA' , 12223780)
    
INSERT INTO MC_LOGRADOURO(CD_LOGRADOURO , CD_BAIRRO , NM_LOGRADOURO , NR_CEP)
    VALUES (SQ_MC_LOGRADOURO.NEXTVAL , 3 , 'RUA BAVIERA' , 12223760)
    
INSERT INTO MC_LOGRADOURO(CD_LOGRADOURO , CD_BAIRRO , NM_LOGRADOURO , NR_CEP)
    VALUES (SQ_MC_LOGRADOURO.NEXTVAL , 4 , 'RUA CELINA' , 12234360)
    
INSERT INTO MC_LOGRADOURO(CD_LOGRADOURO , CD_BAIRRO , NM_LOGRADOURO , NR_CEP)
    VALUES (SQ_MC_LOGRADOURO.NEXTVAL , 4 , 'RUA BALTAZAR' , 12234360)
    
INSERT INTO MC_LOGRADOURO(CD_LOGRADOURO , CD_BAIRRO , NM_LOGRADOURO , NR_CEP)
    VALUES (SQ_MC_LOGRADOURO.NEXTVAL , 5 , 'RUA ALEXANDRE SETI' , 14056604)
    
INSERT INTO MC_LOGRADOURO(CD_LOGRADOURO , CD_BAIRRO , NM_LOGRADOURO , NR_CEP)
    VALUES (SQ_MC_LOGRADOURO.NEXTVAL , 5 , 'RUA JOAQUIM LEONARDO' , 14056603)
    
INSERT INTO MC_LOGRADOURO(CD_LOGRADOURO , CD_BAIRRO , NM_LOGRADOURO , NR_CEP)
    VALUES (SQ_MC_LOGRADOURO.NEXTVAL , 6 , 'RUA JOSE JAIME DELIBO' , 14026563)
    
INSERT INTO MC_LOGRADOURO(CD_LOGRADOURO , CD_BAIRRO , NM_LOGRADOURO , NR_CEP)
    VALUES (SQ_MC_LOGRADOURO.NEXTVAL , 6 , 'RUA PEDRO GIROTO' , 14026560)
    
INSERT INTO MC_LOGRADOURO(CD_LOGRADOURO , CD_BAIRRO , NM_LOGRADOURO , NR_CEP)
    VALUES (SQ_MC_LOGRADOURO.NEXTVAL , 7 , 'RUA JOAO AUGUSTO LOPES' , 38407072)
    
INSERT INTO MC_LOGRADOURO(CD_LOGRADOURO , CD_BAIRRO , NM_LOGRADOURO , NR_CEP)
    VALUES (SQ_MC_LOGRADOURO.NEXTVAL , 7 , 'RUA MARIA AUGUSTA MORAIS' , 38407069)
    
INSERT INTO MC_LOGRADOURO(CD_LOGRADOURO , CD_BAIRRO , NM_LOGRADOURO , NR_CEP)
    VALUES (SQ_MC_LOGRADOURO.NEXTVAL , 8 , 'RUA AGENOR BORGES' , 38415321)
    
INSERT INTO MC_LOGRADOURO(CD_LOGRADOURO , CD_BAIRRO , NM_LOGRADOURO , NR_CEP)
    VALUES (SQ_MC_LOGRADOURO.NEXTVAL , 8 , 'RUA JOAQUIM CARRIJO NETTO' , 38415360)
    
INSERT INTO MC_LOGRADOURO(CD_LOGRADOURO , CD_BAIRRO , NM_LOGRADOURO , NR_CEP)
    VALUES (SQ_MC_LOGRADOURO.NEXTVAL , 9 , 'RUA LIDER' , 31270480)
    
INSERT INTO MC_LOGRADOURO(CD_LOGRADOURO , CD_BAIRRO , NM_LOGRADOURO , NR_CEP)
    VALUES (SQ_MC_LOGRADOURO.NEXTVAL , 9 , 'RUA PROF. NELSON DE SENA' , 31270383)
    
INSERT INTO MC_LOGRADOURO(CD_LOGRADOURO , CD_BAIRRO , NM_LOGRADOURO , NR_CEP)
    VALUES (SQ_MC_LOGRADOURO.NEXTVAL , 10 , 'RUA VALE DO IPE' , 30666470)
    
INSERT INTO MC_LOGRADOURO(CD_LOGRADOURO , CD_BAIRRO , NM_LOGRADOURO , NR_CEP)
    VALUES (SQ_MC_LOGRADOURO.NEXTVAL , 10 , 'RUA ZUMBI DOS PALMARES' , 30666475)
    
INSERT INTO MC_LOGRADOURO(CD_LOGRADOURO , CD_BAIRRO , NM_LOGRADOURO , NR_CEP)
    VALUES (SQ_MC_LOGRADOURO.NEXTVAL , 11 , 'RUA IBITIGUAIA' , 36031000)
    
INSERT INTO MC_LOGRADOURO(CD_LOGRADOURO , CD_BAIRRO , NM_LOGRADOURO , NR_CEP)
    VALUES (SQ_MC_LOGRADOURO.NEXTVAL , 11 , 'RUA HUMBERTO BERZOINI' , 36031060)
    
INSERT INTO MC_LOGRADOURO(CD_LOGRADOURO , CD_BAIRRO , NM_LOGRADOURO , NR_CEP)
    VALUES (SQ_MC_LOGRADOURO.NEXTVAL , 12 , 'RUA ENG. REGINALDO ARCURI' , 36083018)
    
INSERT INTO MC_LOGRADOURO(CD_LOGRADOURO , CD_BAIRRO , NM_LOGRADOURO , NR_CEP)
    VALUES (SQ_MC_LOGRADOURO.NEXTVAL , 12 , 'RUA POETA DALTEMAR LIMA' , 36083015)
    
INSERT INTO MC_LOGRADOURO(CD_LOGRADOURO , CD_BAIRRO , NM_LOGRADOURO , NR_CEP)
    VALUES (SQ_MC_LOGRADOURO.NEXTVAL , 13 , 'RUA CADENTE' , 55780000)
    
INSERT INTO MC_LOGRADOURO(CD_LOGRADOURO , CD_BAIRRO , NM_LOGRADOURO , NR_CEP)
    VALUES (SQ_MC_LOGRADOURO.NEXTVAL , 13 , 'RUA MERCURIO' , 55040260)
    
INSERT INTO MC_LOGRADOURO(CD_LOGRADOURO , CD_BAIRRO , NM_LOGRADOURO , NR_CEP)
    VALUES (SQ_MC_LOGRADOURO.NEXTVAL , 14 , 'AVENIDA OSWALDO CRUZ' , 55012040)
    
INSERT INTO MC_LOGRADOURO(CD_LOGRADOURO , CD_BAIRRO , NM_LOGRADOURO , NR_CEP)
    VALUES (SQ_MC_LOGRADOURO.NEXTVAL , 14 , 'RUA TEOFILO DIAS' , 55012710)
    
INSERT INTO MC_LOGRADOURO(CD_LOGRADOURO , CD_BAIRRO , NM_LOGRADOURO , NR_CEP)
    VALUES (SQ_MC_LOGRADOURO.NEXTVAL , 15 , 'RUA TOME GIBSON' , 51011480)
    
INSERT INTO MC_LOGRADOURO(CD_LOGRADOURO , CD_BAIRRO , NM_LOGRADOURO , NR_CEP)
    VALUES (SQ_MC_LOGRADOURO.NEXTVAL , 15 , 'RUA AMAZONAS' , 51011020)
    
INSERT INTO MC_LOGRADOURO(CD_LOGRADOURO , CD_BAIRRO , NM_LOGRADOURO , NR_CEP)
    VALUES (SQ_MC_LOGRADOURO.NEXTVAL , 16 , 'RUA DO BOM JESUS' , 50030170)
    
INSERT INTO MC_LOGRADOURO(CD_LOGRADOURO , CD_BAIRRO , NM_LOGRADOURO , NR_CEP)
    VALUES (SQ_MC_LOGRADOURO.NEXTVAL , 16 , 'RUA MADRE DE DEUS' , 50030230)
    
INSERT INTO MC_LOGRADOURO(CD_LOGRADOURO , CD_BAIRRO , NM_LOGRADOURO , NR_CEP)
    VALUES (SQ_MC_LOGRADOURO.NEXTVAL , 17 , 'RUA DA AMIZADE' , 56323130)
    
INSERT INTO MC_LOGRADOURO(CD_LOGRADOURO , CD_BAIRRO , NM_LOGRADOURO , NR_CEP)
    VALUES (SQ_MC_LOGRADOURO.NEXTVAL , 17 , 'AVENIDA DA ESPERANCA' , 56323140)
    
INSERT INTO MC_LOGRADOURO(CD_LOGRADOURO , CD_BAIRRO , NM_LOGRADOURO , NR_CEP)
    VALUES (SQ_MC_LOGRADOURO.NEXTVAL , 18 , 'RUA VINTE E OITO' , 56312281)
    
INSERT INTO MC_LOGRADOURO(CD_LOGRADOURO , CD_BAIRRO , NM_LOGRADOURO , NR_CEP)
    VALUES (SQ_MC_LOGRADOURO.NEXTVAL , 18 , 'RUA SILVESTRE DIAS PINHEIRO' , 56312285)
    
INSERT INTO MC_LOGRADOURO(CD_LOGRADOURO , CD_BAIRRO , NM_LOGRADOURO , NR_CEP)
    VALUES (SQ_MC_LOGRADOURO.NEXTVAL , 19 , 'RUA ERIVAN FRANCA' , 59090100)
    
INSERT INTO MC_LOGRADOURO(CD_LOGRADOURO , CD_BAIRRO , NM_LOGRADOURO , NR_CEP)
    VALUES (SQ_MC_LOGRADOURO.NEXTVAL , 19 , 'RUA PEDRO FONSECA FILHO' , 59090080)
    
INSERT INTO MC_LOGRADOURO(CD_LOGRADOURO , CD_BAIRRO , NM_LOGRADOURO , NR_CEP)
    VALUES (SQ_MC_LOGRADOURO.NEXTVAL , 20 , 'RUA CEARA MIRIM' , 59020240)
    
INSERT INTO MC_LOGRADOURO(CD_LOGRADOURO , CD_BAIRRO , NM_LOGRADOURO , NR_CEP)
    VALUES (SQ_MC_LOGRADOURO.NEXTVAL , 20 , 'RUA JOSE MARTINS BEZERRA' , 59020215)
    
INSERT INTO MC_LOGRADOURO(CD_LOGRADOURO , CD_BAIRRO , NM_LOGRADOURO , NR_CEP)
    VALUES (SQ_MC_LOGRADOURO.NEXTVAL , 21 , 'RUA SABIA' , 59632140)
      
INSERT INTO MC_LOGRADOURO(CD_LOGRADOURO , CD_BAIRRO , NM_LOGRADOURO , NR_CEP)
    VALUES (SQ_MC_LOGRADOURO.NEXTVAL , 21 , 'RUA ZEUS' , 59632215)
    
INSERT INTO MC_LOGRADOURO(CD_LOGRADOURO , CD_BAIRRO , NM_LOGRADOURO , NR_CEP)
    VALUES (SQ_MC_LOGRADOURO.NEXTVAL , 22 , 'RUA ANTONIO JOSE DE LIMA' , 59630508)
    
INSERT INTO MC_LOGRADOURO(CD_LOGRADOURO , CD_BAIRRO , NM_LOGRADOURO , NR_CEP)
    VALUES (SQ_MC_LOGRADOURO.NEXTVAL , 22 , 'RUA SERGINA LUCINDA ALVES' , 59630640)
    
INSERT INTO MC_LOGRADOURO(CD_LOGRADOURO , CD_BAIRRO , NM_LOGRADOURO , NR_CEP)
    VALUES (SQ_MC_LOGRADOURO.NEXTVAL , 23 , 'RUA EDGAR DANTAS' , 59140290)
    
INSERT INTO MC_LOGRADOURO(CD_LOGRADOURO , CD_BAIRRO , NM_LOGRADOURO , NR_CEP)
    VALUES (SQ_MC_LOGRADOURO.NEXTVAL , 23 , 'RUA TENENTE OSORIO' , 59140285)
    
INSERT INTO MC_LOGRADOURO(CD_LOGRADOURO , CD_BAIRRO , NM_LOGRADOURO , NR_CEP)
    VALUES (SQ_MC_LOGRADOURO.NEXTVAL , 24 , 'RUA DAS AMORAS' , 59152675)
    
INSERT INTO MC_LOGRADOURO(CD_LOGRADOURO , CD_BAIRRO , NM_LOGRADOURO , NR_CEP)
    VALUES (SQ_MC_LOGRADOURO.NEXTVAL , 24 , 'RUA SERRA DO CARMO' , 59152698)
    
INSERT INTO MC_LOGRADOURO(CD_LOGRADOURO , CD_BAIRRO , NM_LOGRADOURO , NR_CEP)
    VALUES (SQ_MC_LOGRADOURO.NEXTVAL , 25 , 'RUA LOURIVAL LEITE PALHARES' , 89209550)
    
INSERT INTO MC_LOGRADOURO(CD_LOGRADOURO , CD_BAIRRO , NM_LOGRADOURO , NR_CEP)
    VALUES (SQ_MC_LOGRADOURO.NEXTVAL , 25 , 'RUA HERMINIO PICOLLI' , 89209615)
    
INSERT INTO MC_LOGRADOURO(CD_LOGRADOURO , CD_BAIRRO , NM_LOGRADOURO , NR_CEP)
    VALUES (SQ_MC_LOGRADOURO.NEXTVAL , 26 , 'RUA UIRAPURU' , 89225680)
    
INSERT INTO MC_LOGRADOURO(CD_LOGRADOURO , CD_BAIRRO , NM_LOGRADOURO , NR_CEP)
    VALUES (SQ_MC_LOGRADOURO.NEXTVAL , 26 , 'RUA ARARA' , 89226010)
    
INSERT INTO MC_LOGRADOURO(CD_LOGRADOURO , CD_BAIRRO , NM_LOGRADOURO , NR_CEP)
    VALUES (SQ_MC_LOGRADOURO.NEXTVAL , 27 , 'RUA CARLOS DA COSTA PEREIRA' , 88056810)
    
INSERT INTO MC_LOGRADOURO(CD_LOGRADOURO , CD_BAIRRO , NM_LOGRADOURO , NR_CEP)
    VALUES (SQ_MC_LOGRADOURO.NEXTVAL , 27 , 'RUA NICOLINO TANCREDO' , 88056840)
    
INSERT INTO MC_LOGRADOURO(CD_LOGRADOURO , CD_BAIRRO , NM_LOGRADOURO , NR_CEP)
    VALUES (SQ_MC_LOGRADOURO.NEXTVAL , 28 , 'RUA DAS CORTICEIRAS' , 88063160)
    
INSERT INTO MC_LOGRADOURO(CD_LOGRADOURO , CD_BAIRRO , NM_LOGRADOURO , NR_CEP)
    VALUES (SQ_MC_LOGRADOURO.NEXTVAL , 28 , 'RUA JARDIM DOS EUCALIPTOS' , 88063270)
    
INSERT INTO MC_LOGRADOURO(CD_LOGRADOURO , CD_BAIRRO , NM_LOGRADOURO , NR_CEP)
    VALUES (SQ_MC_LOGRADOURO.NEXTVAL , 29 , 'RUA PEDRO PINTO CORREA' , 88332240)
    
INSERT INTO MC_LOGRADOURO(CD_LOGRADOURO , CD_BAIRRO , NM_LOGRADOURO , NR_CEP)
    VALUES (SQ_MC_LOGRADOURO.NEXTVAL , 29 , 'RUA BENTO CUNHA' , 88332170)
    
INSERT INTO MC_LOGRADOURO(CD_LOGRADOURO , CD_BAIRRO , NM_LOGRADOURO , NR_CEP)
    VALUES (SQ_MC_LOGRADOURO.NEXTVAL , 30 , 'RUA ROMEU PEREIRA' , 88331045)
    
INSERT INTO MC_LOGRADOURO(CD_LOGRADOURO , CD_BAIRRO , NM_LOGRADOURO , NR_CEP)
    VALUES (SQ_MC_LOGRADOURO.NEXTVAL , 30 , 'RUA MIGUEL MATTE' , 88331030)
    
COMMIT;

/*d) Por fim, cadastre na tabela de ENDERECO FUNCIONARIO todos os funcionarios com no minimo 1 endereco para cada um. 
Escolha varios estados do Brasil, ou seja, um funcionario pode residir em mais de uma localidade, dado que a empresa 
Melhores Compras incentiva o trabalho em formato home office. 
*/

INSERT INTO MC_END_FUNC(CD_FUNCIONARIO, CD_LOGRADOURO, NR_END, DS_COMPLEMENTO_END, DT_INICIO, DT_TERMINO,ST_END)
    VALUES (1 , 60 , 376 , 'CASA' , TO_DATE('10/10/2000','DD/MM/YYYY') ,NULL ,'A');

INSERT INTO MC_END_FUNC(CD_FUNCIONARIO, CD_LOGRADOURO, NR_END, DS_COMPLEMENTO_END, DT_INICIO, DT_TERMINO,ST_END)
    VALUES (2 , 59 , 23 , 'CASA' , TO_DATE('18/07/2008','DD/MM/YYYY') ,NULL ,'A');

INSERT INTO MC_END_FUNC(CD_FUNCIONARIO, CD_LOGRADOURO, NR_END, DS_COMPLEMENTO_END, DT_INICIO, DT_TERMINO,ST_END)
    VALUES (3 , 58 , 549 , 'CASA' , TO_DATE('31/03/2009','DD/MM/YYYY') ,NULL ,'A');

INSERT INTO MC_END_FUNC(CD_FUNCIONARIO, CD_LOGRADOURO, NR_END, DS_COMPLEMENTO_END, DT_INICIO, DT_TERMINO,ST_END)
    VALUES (4 , 57 , 214 , 'CASA' , TO_DATE('31/03/1990','DD/MM/YYYY') ,NULL ,'A');

INSERT INTO MC_END_FUNC(CD_FUNCIONARIO, CD_LOGRADOURO, NR_END, DS_COMPLEMENTO_END, DT_INICIO, DT_TERMINO,ST_END)
    VALUES (5 , 56 , 800 , 'APARTAMENTO 10' , TO_DATE('31/08/2011','DD/MM/YYYY') ,NULL ,'A');

INSERT INTO MC_END_FUNC(CD_FUNCIONARIO, CD_LOGRADOURO, NR_END, DS_COMPLEMENTO_END, DT_INICIO, DT_TERMINO,ST_END)
    VALUES (6 , 55 , 466 , 'CASA 2' , TO_DATE('21/07/2010','DD/MM/YYYY') ,NULL ,'A');

INSERT INTO MC_END_FUNC(CD_FUNCIONARIO, CD_LOGRADOURO, NR_END, DS_COMPLEMENTO_END, DT_INICIO, DT_TERMINO,ST_END)
    VALUES (7 , 54 , 322 , 'EM FRENTE A PIZZARIA ROMANA' , TO_DATE('14/06/2011','DD/MM/YYYY') ,NULL ,'A');

INSERT INTO MC_END_FUNC(CD_FUNCIONARIO, CD_LOGRADOURO, NR_END, DS_COMPLEMENTO_END, DT_INICIO, DT_TERMINO,ST_END)
    VALUES (8 , 53 , 2 , 'APARTAMENTO 70' , TO_DATE('18/05/1991','DD/MM/YYYY') ,NULL ,'A');

INSERT INTO MC_END_FUNC(CD_FUNCIONARIO, CD_LOGRADOURO, NR_END, DS_COMPLEMENTO_END, DT_INICIO, DT_TERMINO,ST_END)
    VALUES (9 , 52 , 485 , 'APARTAMENTO A BLOCO B' , TO_DATE('18/05/2005','DD/MM/YYYY') ,NULL ,'A');

INSERT INTO MC_END_FUNC(CD_FUNCIONARIO, CD_LOGRADOURO, NR_END, DS_COMPLEMENTO_END, DT_INICIO, DT_TERMINO,ST_END)
    VALUES (10 , 51 , 100 , 'APARTAMENTO 100' , TO_DATE('23/09/2009','DD/MM/YYYY') ,NULL ,'A');

INSERT INTO MC_END_FUNC(CD_FUNCIONARIO, CD_LOGRADOURO, NR_END, DS_COMPLEMENTO_END, DT_INICIO, DT_TERMINO,ST_END)
    VALUES (11 , 50 , 12 , 'APARTAMENTO A BLOCO C' , TO_DATE('20/11/2006','DD/MM/YYYY') ,NULL ,'A');

INSERT INTO MC_END_FUNC(CD_FUNCIONARIO, CD_LOGRADOURO, NR_END, DS_COMPLEMENTO_END, DT_INICIO, DT_TERMINO,ST_END)
    VALUES (12 , 49 , 52 , 'CASA SEGUNDO ANDAR' , TO_DATE('20/11/1992','DD/MM/YYYY') ,NULL ,'A');

INSERT INTO MC_END_FUNC(CD_FUNCIONARIO, CD_LOGRADOURO, NR_END, DS_COMPLEMENTO_END, DT_INICIO, DT_TERMINO,ST_END)
    VALUES (13 , 48 , 51 , 'CASA' , TO_DATE('10/02/1997','DD/MM/YYYY') ,NULL ,'A');

INSERT INTO MC_END_FUNC(CD_FUNCIONARIO, CD_LOGRADOURO, NR_END, DS_COMPLEMENTO_END, DT_INICIO, DT_TERMINO,ST_END)
    VALUES (14 , 47 , 54 , 'CASA' , TO_DATE('17/06/2006','DD/MM/YYYY') ,NULL ,'A');

INSERT INTO MC_END_FUNC(CD_FUNCIONARIO, CD_LOGRADOURO, NR_END, DS_COMPLEMENTO_END, DT_INICIO, DT_TERMINO,ST_END)
    VALUES (15 , 46 , 1999 , 'CASA' , TO_DATE('18/09/2012','DD/MM/YYYY') ,NULL ,'A');

INSERT INTO MC_END_FUNC(CD_FUNCIONARIO, CD_LOGRADOURO, NR_END, DS_COMPLEMENTO_END, DT_INICIO, DT_TERMINO,ST_END)
    VALUES (16 , 45 , 42 , 'CASA' , TO_DATE('18/05/2005','DD/MM/YYYY') ,NULL ,'A');

INSERT INTO MC_END_FUNC(CD_FUNCIONARIO, CD_LOGRADOURO, NR_END, DS_COMPLEMENTO_END, DT_INICIO, DT_TERMINO,ST_END)
    VALUES (17 , 44 , 367 , 'CASA' , TO_DATE('18/05/2005','DD/MM/YYYY') ,NULL ,'A');

INSERT INTO MC_END_FUNC(CD_FUNCIONARIO, CD_LOGRADOURO, NR_END, DS_COMPLEMENTO_END, DT_INICIO, DT_TERMINO,ST_END)
    VALUES (18 , 43 , 409 , 'CASA' , TO_DATE('18/05/2005','DD/MM/YYYY') ,NULL ,'A');

INSERT INTO MC_END_FUNC(CD_FUNCIONARIO, CD_LOGRADOURO, NR_END, DS_COMPLEMENTO_END, DT_INICIO, DT_TERMINO,ST_END)
    VALUES (19 , 42 , 399 , 'CASA' , TO_DATE('18/05/2005','DD/MM/YYYY') ,NULL ,'A');

INSERT INTO MC_END_FUNC(CD_FUNCIONARIO, CD_LOGRADOURO, NR_END, DS_COMPLEMENTO_END, DT_INICIO, DT_TERMINO,ST_END)
    VALUES (20 , 41 , 121 , 'CASA' , TO_DATE('18/05/2005','DD/MM/YYYY') ,NULL ,'A');

INSERT INTO MC_END_FUNC(CD_FUNCIONARIO, CD_LOGRADOURO, NR_END, DS_COMPLEMENTO_END, DT_INICIO, DT_TERMINO,ST_END)
    VALUES (21 , 4 , 13 , 'CASA' , TO_DATE('18/05/2005','DD/MM/YYYY') ,NULL ,'A');

INSERT INTO MC_END_FUNC(CD_FUNCIONARIO, CD_LOGRADOURO, NR_END, DS_COMPLEMENTO_END, DT_INICIO, DT_TERMINO,ST_END)
    VALUES (22 , 39 , 378 , 'BLOCO A CASA 10' , TO_DATE('18/05/2005','DD/MM/YYYY') ,NULL ,'A');

INSERT INTO MC_END_FUNC(CD_FUNCIONARIO, CD_LOGRADOURO, NR_END, DS_COMPLEMENTO_END, DT_INICIO, DT_TERMINO,ST_END)
    VALUES (23 , 38 , 2030 , NULL , TO_DATE('18/05/2005','DD/MM/YYYY') ,NULL ,'A');

INSERT INTO MC_END_FUNC(CD_FUNCIONARIO, CD_LOGRADOURO, NR_END, DS_COMPLEMENTO_END, DT_INICIO, DT_TERMINO,ST_END)
    VALUES (24 , 37 , 153 , NULL , TO_DATE('15/02/2008','DD/MM/YYYY') ,NULL ,'A');

INSERT INTO MC_END_FUNC(CD_FUNCIONARIO, CD_LOGRADOURO, NR_END, DS_COMPLEMENTO_END, DT_INICIO, DT_TERMINO,ST_END)
    VALUES (25 , 36 , 132 , NULL , TO_DATE('15/02/2023','DD/MM/YYYY') ,NULL ,'A');

INSERT INTO MC_END_FUNC(CD_FUNCIONARIO, CD_LOGRADOURO, NR_END, DS_COMPLEMENTO_END, DT_INICIO, DT_TERMINO,ST_END)
    VALUES (26 , 35 , 75 , NULL , TO_DATE('15/02/2023','DD/MM/YYYY') ,NULL ,'A');

INSERT INTO MC_END_FUNC(CD_FUNCIONARIO, CD_LOGRADOURO, NR_END, DS_COMPLEMENTO_END, DT_INICIO, DT_TERMINO,ST_END)
    VALUES (27 , 34 , 650 , 'AP 2062' , TO_DATE('15/02/2023','DD/MM/YYYY') ,NULL ,'A');

INSERT INTO MC_END_FUNC(CD_FUNCIONARIO, CD_LOGRADOURO, NR_END, DS_COMPLEMENTO_END, DT_INICIO, DT_TERMINO,ST_END)
    VALUES (28 , 33 , 30 , NULL , TO_DATE('15/02/2005','DD/MM/YYYY') ,NULL ,'A');

INSERT INTO MC_END_FUNC(CD_FUNCIONARIO, CD_LOGRADOURO, NR_END, DS_COMPLEMENTO_END, DT_INICIO, DT_TERMINO,ST_END)
    VALUES (29 , 32 , 171 , NULL , TO_DATE('15/02/2023','DD/MM/YYYY') ,NULL ,'A');

INSERT INTO MC_END_FUNC(CD_FUNCIONARIO, CD_LOGRADOURO, NR_END, DS_COMPLEMENTO_END, DT_INICIO, DT_TERMINO,ST_END)
    VALUES (30 , 31 , 14 , NULL , TO_DATE('15/02/2023','DD/MM/YYYY') ,NULL ,'A');

INSERT INTO MC_END_FUNC(CD_FUNCIONARIO, CD_LOGRADOURO, NR_END, DS_COMPLEMENTO_END, DT_INICIO, DT_TERMINO,ST_END)
    VALUES (31 , 30 , 171 , NULL , TO_DATE('18/02/2021','DD/MM/YYYY') ,NULL ,'A');

INSERT INTO MC_END_FUNC(CD_FUNCIONARIO, CD_LOGRADOURO, NR_END, DS_COMPLEMENTO_END, DT_INICIO, DT_TERMINO,ST_END)
    VALUES (32 , 29 , 32 , NULL , TO_DATE('15/02/2010','DD/MM/YYYY') ,NULL ,'A');

INSERT INTO MC_END_FUNC(CD_FUNCIONARIO, CD_LOGRADOURO, NR_END, DS_COMPLEMENTO_END, DT_INICIO, DT_TERMINO,ST_END)
    VALUES (33 , 28 , 27 , 'BLOCO A CASA 20' , TO_DATE('02/11/2018','DD/MM/YYYY') ,NULL ,'A');

INSERT INTO MC_END_FUNC(CD_FUNCIONARIO, CD_LOGRADOURO, NR_END, DS_COMPLEMENTO_END, DT_INICIO, DT_TERMINO,ST_END)
    VALUES (34 , 27 , 275 , NULL , TO_DATE('02/07/2017','DD/MM/YYYY') ,NULL ,'A');

INSERT INTO MC_END_FUNC(CD_FUNCIONARIO, CD_LOGRADOURO, NR_END, DS_COMPLEMENTO_END, DT_INICIO, DT_TERMINO,ST_END)
    VALUES (35 , 26 , 12 , 'APTO 1806' , TO_DATE('15/02/2014','DD/MM/YYYY') ,NULL ,'A');

INSERT INTO MC_END_FUNC(CD_FUNCIONARIO, CD_LOGRADOURO, NR_END, DS_COMPLEMENTO_END, DT_INICIO, DT_TERMINO,ST_END)
    VALUES (36 , 25 , 16 , NULL , TO_DATE('16/02/2009','DD/MM/YYYY') ,NULL ,'A');

INSERT INTO MC_END_FUNC(CD_FUNCIONARIO, CD_LOGRADOURO, NR_END, DS_COMPLEMENTO_END, DT_INICIO, DT_TERMINO,ST_END)
    VALUES (37 , 24 , 2 , NULL , TO_DATE('25/02/2009','DD/MM/YYYY') ,NULL ,'A');

INSERT INTO MC_END_FUNC(CD_FUNCIONARIO, CD_LOGRADOURO, NR_END, DS_COMPLEMENTO_END, DT_INICIO, DT_TERMINO,ST_END)
    VALUES (38 , 23 , 96 , NULL , TO_DATE('21/06/2012','DD/MM/YYYY') ,NULL ,'A');

INSERT INTO MC_END_FUNC(CD_FUNCIONARIO, CD_LOGRADOURO, NR_END, DS_COMPLEMENTO_END, DT_INICIO, DT_TERMINO,ST_END)
    VALUES (39 , 22 , 242 , 'CASA' , TO_DATE('25/02/2009','DD/MM/YYYY') ,NULL ,'A');

INSERT INTO MC_END_FUNC(CD_FUNCIONARIO, CD_LOGRADOURO, NR_END, DS_COMPLEMENTO_END, DT_INICIO, DT_TERMINO,ST_END)
    VALUES (40 , 21 , 781 , 'CASA' , TO_DATE('09/04/2010','DD/MM/YYYY') ,NULL ,'A');

INSERT INTO MC_END_FUNC(CD_FUNCIONARIO, CD_LOGRADOURO, NR_END, DS_COMPLEMENTO_END, DT_INICIO, DT_TERMINO,ST_END)
    VALUES (41 , 20 , 33 , 'CASA' , TO_DATE('07/03/2010','DD/MM/YYYY') ,NULL ,'A');

INSERT INTO MC_END_FUNC(CD_FUNCIONARIO, CD_LOGRADOURO, NR_END, DS_COMPLEMENTO_END, DT_INICIO, DT_TERMINO,ST_END)
    VALUES (42 , 19 , 222 , 'CASA' , TO_DATE('08/09/2015','DD/MM/YYYY') ,NULL ,'A');

INSERT INTO MC_END_FUNC(CD_FUNCIONARIO, CD_LOGRADOURO, NR_END, DS_COMPLEMENTO_END, DT_INICIO, DT_TERMINO,ST_END)
    VALUES (43 , 18 , 88 , 'CASA' , TO_DATE('09/08/2018','DD/MM/YYYY') ,NULL ,'A');

INSERT INTO MC_END_FUNC(CD_FUNCIONARIO, CD_LOGRADOURO, NR_END, DS_COMPLEMENTO_END, DT_INICIO, DT_TERMINO,ST_END)
    VALUES (44 , 17 , 22 , 'CASA' , TO_DATE('01/02/2005','DD/MM/YYYY') ,NULL ,'A');

INSERT INTO MC_END_FUNC(CD_FUNCIONARIO, CD_LOGRADOURO, NR_END, DS_COMPLEMENTO_END, DT_INICIO, DT_TERMINO,ST_END)
    VALUES (45 , 16 , 253 , 'CASA' , TO_DATE('09/08/2022','DD/MM/YYYY') ,NULL ,'A');

INSERT INTO MC_END_FUNC(CD_FUNCIONARIO, CD_LOGRADOURO, NR_END, DS_COMPLEMENTO_END, DT_INICIO, DT_TERMINO,ST_END)
    VALUES (46 , 15 , 303 , NULL , TO_DATE('01/02/2000','DD/MM/YYYY') ,NULL ,'A');

INSERT INTO MC_END_FUNC(CD_FUNCIONARIO, CD_LOGRADOURO, NR_END, DS_COMPLEMENTO_END, DT_INICIO, DT_TERMINO,ST_END)
    VALUES (47 , 14 , 82 , NULL , TO_DATE('01/02/2000','DD/MM/YYYY') ,NULL ,'A');

INSERT INTO MC_END_FUNC(CD_FUNCIONARIO, CD_LOGRADOURO, NR_END, DS_COMPLEMENTO_END, DT_INICIO, DT_TERMINO,ST_END)
    VALUES (48 , 13 , 212 , NULL , TO_DATE('01/02/2005','DD/MM/YYYY') ,NULL ,'A');

INSERT INTO MC_END_FUNC(CD_FUNCIONARIO, CD_LOGRADOURO, NR_END, DS_COMPLEMENTO_END, DT_INICIO, DT_TERMINO,ST_END)
    VALUES (49 , 12 , 2 , NULL , TO_DATE('01/02/2006','DD/MM/YYYY') ,NULL ,'A');

INSERT INTO MC_END_FUNC(CD_FUNCIONARIO, CD_LOGRADOURO, NR_END, DS_COMPLEMENTO_END, DT_INICIO, DT_TERMINO,ST_END)
    VALUES (50 , 11 , 90 , NULL , TO_DATE('02/01/2006','DD/MM/YYYY') ,NULL ,'A');

INSERT INTO MC_END_FUNC(CD_FUNCIONARIO, CD_LOGRADOURO, NR_END, DS_COMPLEMENTO_END, DT_INICIO, DT_TERMINO,ST_END)
    VALUES (51 , 10 , 251 , NULL , TO_DATE('02/01/2006','DD/MM/YYYY') ,NULL ,'A');

INSERT INTO MC_END_FUNC(CD_FUNCIONARIO, CD_LOGRADOURO, NR_END, DS_COMPLEMENTO_END, DT_INICIO, DT_TERMINO,ST_END)
    VALUES (1 , 9 , 160 , NULL , TO_DATE('10/10/2000','DD/MM/YYYY') ,NULL ,'A');

INSERT INTO MC_END_FUNC(CD_FUNCIONARIO, CD_LOGRADOURO, NR_END, DS_COMPLEMENTO_END, DT_INICIO, DT_TERMINO,ST_END)
    VALUES (2 , 8 , 245 , NULL , TO_DATE('18/07/2008','DD/MM/YYYY') ,NULL ,'A');

INSERT INTO MC_END_FUNC(CD_FUNCIONARIO, CD_LOGRADOURO, NR_END, DS_COMPLEMENTO_END, DT_INICIO, DT_TERMINO,ST_END)
    VALUES (3 , 7 , 223 , NULL , TO_DATE('31/03/2009','DD/MM/YYYY') ,NULL ,'A');

INSERT INTO MC_END_FUNC(CD_FUNCIONARIO, CD_LOGRADOURO, NR_END, DS_COMPLEMENTO_END, DT_INICIO, DT_TERMINO,ST_END)
    VALUES (4 , 6 , 333 , NULL , TO_DATE('31/03/1990','DD/MM/YYYY') ,NULL ,'A');

INSERT INTO MC_END_FUNC(CD_FUNCIONARIO, CD_LOGRADOURO, NR_END, DS_COMPLEMENTO_END, DT_INICIO, DT_TERMINO,ST_END)
    VALUES (5 , 5 , 74 , NULL , TO_DATE('31/08/2011','DD/MM/YYYY') ,NULL ,'A');

INSERT INTO MC_END_FUNC(CD_FUNCIONARIO, CD_LOGRADOURO, NR_END, DS_COMPLEMENTO_END, DT_INICIO, DT_TERMINO,ST_END)
    VALUES (6 , 4 , 1211 , 'CASA' , TO_DATE('21/07/2010','DD/MM/YYYY') ,NULL ,'A');

INSERT INTO MC_END_FUNC(CD_FUNCIONARIO, CD_LOGRADOURO, NR_END, DS_COMPLEMENTO_END, DT_INICIO, DT_TERMINO,ST_END)
    VALUES (7 , 3 , 112 , 'CASA' , TO_DATE('14/06/2011','DD/MM/YYYY') ,NULL ,'A');

INSERT INTO MC_END_FUNC(CD_FUNCIONARIO, CD_LOGRADOURO, NR_END, DS_COMPLEMENTO_END, DT_INICIO, DT_TERMINO,ST_END)
    VALUES (8 , 2 , 129 , 'CASA' , TO_DATE('18/05/1991','DD/MM/YYYY') ,NULL ,'A');

INSERT INTO MC_END_FUNC(CD_FUNCIONARIO, CD_LOGRADOURO, NR_END, DS_COMPLEMENTO_END, DT_INICIO, DT_TERMINO,ST_END)
    VALUES (9 , 1 , 249 , NULL , TO_DATE('18/05/2005','DD/MM/YYYY') ,NULL ,'A');

COMMIT;

--e)Cadastre no mínimo 10 CLIENTES PESSOAS FÍSICAS e 5 CLIENTES PESSOA JÚRIDICA e associe no mínimo 1 endereço para cada cliente. 
--Utilize nomes significativos e relevantes
INSERT INTO MC_CLIENTE (NR_CLIENTE ,  NM_CLIENTE ,  QT_ESTRELAS , VL_MEDIO_COMPRA , ST_CLIENTE , DS_EMAIL , NR_TELEFONE , NM_LOGIN , DS_SENHA)
    VALUES (SQ_MC_CLIENTE.NEXTVAL ,  'Junior da Silva' , 1 , 150 , 'A' , 'j_dasilva@outlook.com' , 19988579990  , 'jsilva' , 'js90*');

INSERT INTO MC_CLIENTE (NR_CLIENTE ,  NM_CLIENTE ,  QT_ESTRELAS , VL_MEDIO_COMPRA , ST_CLIENTE , DS_EMAIL , NR_TELEFONE , NM_LOGIN , DS_SENHA)
    VALUES (SQ_MC_CLIENTE.NEXTVAL , 'Beatriz Almeida' , 2 , 2500 , 'A' , 'bia.almeida@yahoo.com.br' , 84981523321 , 'bia.almeida82' , 'BAlmeida82#');

INSERT INTO MC_CLIENTE (NR_CLIENTE ,  NM_CLIENTE ,  QT_ESTRELAS , VL_MEDIO_COMPRA , ST_CLIENTE , DS_EMAIL , NR_TELEFONE , NM_LOGIN , DS_SENHA)
    VALUES (SQ_MC_CLIENTE.NEXTVAL , 'Carlos da Costa' , 3 , 4000 , 'A' , 'cccosta@fiap.com.br' , 16996465678 , 'ccosta' , 'azulblue123');

INSERT INTO MC_CLIENTE (NR_CLIENTE ,  NM_CLIENTE ,  QT_ESTRELAS , VL_MEDIO_COMPRA , ST_CLIENTE , DS_EMAIL , NR_TELEFONE , NM_LOGIN , DS_SENHA)
    VALUES (SQ_MC_CLIENTE.NEXTVAL , 'Renata Oliveira ' , 2 , 2000 , 'A' , 'r_oliveira@gmail.com' , 32991998076 , 'R.oliveira' , 'oliveira.R321');

INSERT INTO MC_CLIENTE (NR_CLIENTE ,  NM_CLIENTE ,  QT_ESTRELAS , VL_MEDIO_COMPRA , ST_CLIENTE , DS_EMAIL , NR_TELEFONE , NM_LOGIN , DS_SENHA)
    VALUES (SQ_MC_CLIENTE.NEXTVAL , 'Juliana Alcantara Moreira' , 5 , 11000 , 'A' , 'ju.moreira@gmail.com' , 34999815646 , 'ju.moreira79' , '*moreira79');

INSERT INTO MC_CLIENTE (NR_CLIENTE ,  NM_CLIENTE ,  QT_ESTRELAS , VL_MEDIO_COMPRA , ST_CLIENTE , DS_EMAIL , NR_TELEFONE , NM_LOGIN , DS_SENHA)
    VALUES (SQ_MC_CLIENTE.NEXTVAL , 'Carla Cristina Rodrigues ' , 4 , 5500 , 'A' , 'carla_rodrigues@outlook.com' , 16999916754 , 'carla.crodrigues' , 'CCR2000');

INSERT INTO MC_CLIENTE (NR_CLIENTE ,  NM_CLIENTE ,  QT_ESTRELAS , VL_MEDIO_COMPRA , ST_CLIENTE , DS_EMAIL , NR_TELEFONE , NM_LOGIN , DS_SENHA)
    VALUES (SQ_MC_CLIENTE.NEXTVAL , 'Simone Paulino' , 1 , 320 , 'A' , 'spaulino@yahoo.com.br' , 47991998979 , 'simone.PAULINO' , 'SM7719');

INSERT INTO MC_CLIENTE (NR_CLIENTE ,  NM_CLIENTE ,  QT_ESTRELAS , VL_MEDIO_COMPRA , ST_CLIENTE , DS_EMAIL , NR_TELEFONE , NM_LOGIN , DS_SENHA)
    VALUES (SQ_MC_CLIENTE.NEXTVAL , 'Andreia Meira' , 1 , 280 , 'A' , 'meira.andreia@fiap.com.br' , 84981568801 , 'Ameira' , 'Ameira22');

INSERT INTO MC_CLIENTE (NR_CLIENTE ,  NM_CLIENTE ,  QT_ESTRELAS , VL_MEDIO_COMPRA , ST_CLIENTE , DS_EMAIL , NR_TELEFONE , NM_LOGIN , DS_SENHA)
    VALUES (SQ_MC_CLIENTE.NEXTVAL , 'Ana Fraki' , 5 , 14500 , 'A' , 'aninha_fraki@yahoo.com.br' , 47998985754 , 'ANAfraki' , 'Fraki3434');

INSERT INTO MC_CLIENTE (NR_CLIENTE ,  NM_CLIENTE ,  QT_ESTRELAS , VL_MEDIO_COMPRA , ST_CLIENTE , DS_EMAIL , NR_TELEFONE , NM_LOGIN , DS_SENHA)
    VALUES (SQ_MC_CLIENTE.NEXTVAL , 'Cleber Ferreira' , 4 , 6800 , 'A' , 'cleber.fer@outlook.com' , 32999917856 , 'FCleber' , 'FCleber84');

INSERT INTO MC_CLIENTE (NR_CLIENTE ,  NM_CLIENTE ,  QT_ESTRELAS , VL_MEDIO_COMPRA , ST_CLIENTE , DS_EMAIL , NR_TELEFONE , NM_LOGIN , DS_SENHA)
    VALUES (SQ_MC_CLIENTE.NEXTVAL , 'Martex Correias E Mangueiras Ltda' , 5 , 45000 , 'A' , 'atendimento@lojamartex.com.br' , 3233438949 , 'LMartex' , 'MartexLoja2002');

INSERT INTO MC_CLIENTE (NR_CLIENTE ,  NM_CLIENTE ,  QT_ESTRELAS , VL_MEDIO_COMPRA , ST_CLIENTE , DS_EMAIL , NR_TELEFONE , NM_LOGIN , DS_SENHA)
    VALUES (SQ_MC_CLIENTE.NEXTVAL , 'Movelar Moveis Ltda' , 5 , 38000 , 'A' , 'atendimento@movelar.com.br' , 8133723919 , 'MovelarMoveis' , 'MM#4321');

INSERT INTO MC_CLIENTE (NR_CLIENTE ,  NM_CLIENTE ,  QT_ESTRELAS , VL_MEDIO_COMPRA , ST_CLIENTE , DS_EMAIL , NR_TELEFONE , NM_LOGIN , DS_SENHA)
    VALUES (SQ_MC_CLIENTE.NEXTVAL , 'Submarino Comercial Ltda' , 5 , 90000 , 'A' , 'atendimento@submarino.com.br' , 1632724562 , 'subMAR' , 'ssMMcat');

INSERT INTO MC_CLIENTE (NR_CLIENTE ,  NM_CLIENTE ,  QT_ESTRELAS , VL_MEDIO_COMPRA , ST_CLIENTE , DS_EMAIL , NR_TELEFONE , NM_LOGIN , DS_SENHA)
    VALUES (SQ_MC_CLIENTE.NEXTVAL , 'Cofesa Comercial Ferreira Santos Ltda' , 5 , 88000 , 'A' , 'atendimentosac@cofesacomercial.com.br' , 1632729900 , 'COFESA.comercial' , 'CCFS99');

INSERT INTO MC_CLIENTE (NR_CLIENTE ,  NM_CLIENTE ,  QT_ESTRELAS , VL_MEDIO_COMPRA , ST_CLIENTE , DS_EMAIL , NR_TELEFONE , NM_LOGIN , DS_SENHA)
    VALUES (SQ_MC_CLIENTE.NEXTVAL , 'Veja Calcados E Confeccoes Ltda' , 4 , 8800 , 'A' , 'sac@lojaveja.com.br' , 3433734809 , 'VEJA.loja' , 'VEja2001');

--Inserindo dados Clientes Pessoa Fisica
INSERT INTO MC_CLI_FISICA (NR_CLIENTE ,  DT_NASCIMENTO ,  FL_SEXO_BIOLOGICO ,  DS_GENERO ,  NR_CPF)
    VALUES (1 ,  TO_DATE('25/07/1990' , 'DD/MM/YYYY') , 'M' , 'MASCULINO' , 38460381800);

INSERT INTO MC_CLI_FISICA (NR_CLIENTE ,  DT_NASCIMENTO ,  FL_SEXO_BIOLOGICO ,  DS_GENERO ,  NR_CPF)
    VALUES (2 ,  TO_DATE('08/02/1982' , 'DD/MM/YYYY') , 'F' , 'FEMININO ' , 65787611906);

INSERT INTO MC_CLI_FISICA (NR_CLIENTE ,  DT_NASCIMENTO ,  FL_SEXO_BIOLOGICO ,  DS_GENERO ,  NR_CPF)
    VALUES (3 ,  TO_DATE('26/05/1980' , 'DD/MM/YYYY') , 'M' , 'MASCULINO' , 43564351523);

INSERT INTO MC_CLI_FISICA (NR_CLIENTE ,  DT_NASCIMENTO ,  FL_SEXO_BIOLOGICO ,  DS_GENERO ,  NR_CPF)
    VALUES (4 ,  TO_DATE('01/02/1986' , 'DD/MM/YYYY') , 'F' , 'FEMININO ' , 89734572103);

INSERT INTO MC_CLI_FISICA (NR_CLIENTE ,  DT_NASCIMENTO ,  FL_SEXO_BIOLOGICO ,  DS_GENERO ,  NR_CPF)
    VALUES (5 ,  TO_DATE('09/09/1979' , 'DD/MM/YYYY') , 'F' , 'FEMININO ' , 23495481802);

INSERT INTO MC_CLI_FISICA (NR_CLIENTE ,  DT_NASCIMENTO ,  FL_SEXO_BIOLOGICO ,  DS_GENERO ,  NR_CPF)
    VALUES (6 ,  TO_DATE('09/05/1995' , 'DD/MM/YYYY') , 'F' , 'FEMININO ' , 25780182845);

INSERT INTO MC_CLI_FISICA (NR_CLIENTE ,  DT_NASCIMENTO ,  FL_SEXO_BIOLOGICO ,  DS_GENERO ,  NR_CPF)
    VALUES (7 ,  TO_DATE('01/01/1977' , 'DD/MM/YYYY') , 'F' , 'FEMININO ' , 85951423141);

INSERT INTO MC_CLI_FISICA (NR_CLIENTE ,  DT_NASCIMENTO ,  FL_SEXO_BIOLOGICO ,  DS_GENERO ,  NR_CPF)
    VALUES (8 ,  TO_DATE('07/07/1995' , 'DD/MM/YYYY') , 'F' , 'FEMININO ' , 94712309587);

INSERT INTO MC_CLI_FISICA (NR_CLIENTE ,  DT_NASCIMENTO ,  FL_SEXO_BIOLOGICO ,  DS_GENERO ,  NR_CPF)
    VALUES (9 ,  TO_DATE('09/07/1980' , 'DD/MM/YYYY') , 'F' , 'FEMININO ' , 98724671276);

INSERT INTO MC_CLI_FISICA (NR_CLIENTE ,  DT_NASCIMENTO ,  FL_SEXO_BIOLOGICO ,  DS_GENERO ,  NR_CPF)
    VALUES (10 ,  TO_DATE('19/10/1984' , 'DD/MM/YYYY') , 'M' , 'MASCULINO' , 38762591878);

--Inserindo dados Clientes Pessoa Juridica
INSERT INTO MC_CLI_JURIDICA (NR_CLIENTE ,  DT_FUNDACAO ,  NR_CNPJ , NR_INSCR_EST)
    VALUES (11 ,  TO_DATE('11/06/2002' , 'DD/MM/YYYY') , 50922610001 , 140347252114);

INSERT INTO MC_CLI_JURIDICA (NR_CLIENTE ,  DT_FUNDACAO ,  NR_CNPJ , NR_INSCR_EST)
    VALUES (12 ,  TO_DATE('24/10/2012' , 'DD/MM/YYYY') , 12322610001 , 570317292124);

INSERT INTO MC_CLI_JURIDICA (NR_CLIENTE ,  DT_FUNDACAO ,  NR_CNPJ , NR_INSCR_EST)
    VALUES (13 ,  TO_DATE('22/12/2000' , 'DD/MM/YYYY') , 22325970001 , 430327192424);

INSERT INTO MC_CLI_JURIDICA (NR_CLIENTE ,  DT_FUNDACAO ,  NR_CNPJ , NR_INSCR_EST)
    VALUES (14 ,  TO_DATE('29/10/2004' , 'DD/MM/YYYY') , 44323270001 , 533311292134);

INSERT INTO MC_CLI_JURIDICA (NR_CLIENTE ,  DT_FUNDACAO ,  NR_CNPJ , NR_INSCR_EST)
    VALUES (15 ,  TO_DATE('06/09/1999' , 'DD/MM/YYYY') , 86923610001 , 420317192324);

COMMIT;

--Inserindo endereço do cliente
INSERT INTO MC_END_CLI (NR_CLIENTE, CD_LOGRADOURO_CLI, NR_END,DT_INICIO,ST_END)
    VALUES (1 , 2 , 442 , TO_DATE('14/04/2023' , 'DD/MM/YYYY') , 'A' );

INSERT INTO MC_END_CLI (NR_CLIENTE, CD_LOGRADOURO_CLI, NR_END,DT_INICIO,ST_END)
    VALUES (2 , 45 , 38 , TO_DATE('14/04/2023' , 'DD/MM/YYYY') , 'A' );

INSERT INTO MC_END_CLI (NR_CLIENTE, CD_LOGRADOURO_CLI, NR_END,DT_INICIO,ST_END)
    VALUES (3 , 11 , 67 , TO_DATE('14/04/2023' , 'DD/MM/YYYY') , 'A' );

INSERT INTO MC_END_CLI (NR_CLIENTE, CD_LOGRADOURO_CLI, NR_END,DT_INICIO,ST_END)
    VALUES (4 , 24 , 898 , TO_DATE('14/04/2023' , 'DD/MM/YYYY') , 'A' );

INSERT INTO MC_END_CLI (NR_CLIENTE, CD_LOGRADOURO_CLI, NR_END,DT_INICIO,ST_END)
    VALUES (5 , 16 , 24 , TO_DATE('14/04/2023' , 'DD/MM/YYYY') , 'A' );

INSERT INTO MC_END_CLI (NR_CLIENTE, CD_LOGRADOURO_CLI, NR_END,DT_INICIO,ST_END)
    VALUES (6 , 9 , 78 , TO_DATE('14/04/2023' , 'DD/MM/YYYY') , 'A' );

INSERT INTO MC_END_CLI (NR_CLIENTE, CD_LOGRADOURO_CLI, NR_END,DT_INICIO,ST_END)
    VALUES (7 , 60 , 97 , TO_DATE('14/04/2023' , 'DD/MM/YYYY') , 'A' );

INSERT INTO MC_END_CLI (NR_CLIENTE, CD_LOGRADOURO_CLI, NR_END,DT_INICIO,ST_END)
    VALUES (8 , 44 , 289 , TO_DATE('14/04/2023' , 'DD/MM/YYYY') , 'A' );

INSERT INTO MC_END_CLI (NR_CLIENTE, CD_LOGRADOURO_CLI, NR_END,DT_INICIO,ST_END)
    VALUES (9 , 51 , 384 , TO_DATE('14/04/2023' , 'DD/MM/YYYY') , 'A' );

INSERT INTO MC_END_CLI (NR_CLIENTE, CD_LOGRADOURO_CLI, NR_END,DT_INICIO,ST_END)
    VALUES (10 , 22 , 32 , TO_DATE('14/04/2023' , 'DD/MM/YYYY') , 'A' );

INSERT INTO MC_END_CLI (NR_CLIENTE, CD_LOGRADOURO_CLI, NR_END,DT_INICIO,ST_END)
    VALUES (11 , 32 , 1101 , TO_DATE('14/04/2023' , 'DD/MM/YYYY') , 'A' );

INSERT INTO MC_END_CLI (NR_CLIENTE, CD_LOGRADOURO_CLI, NR_END,DT_INICIO,ST_END)
    VALUES (12 , 30 , 874 , TO_DATE('14/04/2023' , 'DD/MM/YYYY') , 'A' );

INSERT INTO MC_END_CLI (NR_CLIENTE, CD_LOGRADOURO_CLI, NR_END,DT_INICIO,ST_END)
    VALUES (13 , 12 , 561 , TO_DATE('14/04/2023' , 'DD/MM/YYYY') , 'A' );

INSERT INTO MC_END_CLI (NR_CLIENTE, CD_LOGRADOURO_CLI, NR_END,DT_INICIO,ST_END)
    VALUES (14 , 9 , 345 , TO_DATE('14/04/2023' , 'DD/MM/YYYY') , 'A' );

INSERT INTO MC_END_CLI (NR_CLIENTE, CD_LOGRADOURO_CLI, NR_END,DT_INICIO,ST_END)
    VALUES (15 , 13 , 89 , TO_DATE('14/04/2023' , 'DD/MM/YYYY') , 'A' );

COMMIT;

--f) Cadastre um novo cliente que já tenha um mesmo login já criado. (*Exiba a instrução SQL executada para realizar a 
--tarefa e apresente o resultado dessa execução). Foi possível incluir esse novo cliente? Explique?

INSERT INTO MC_CLIENTE (NR_CLIENTE , NM_CLIENTE , QT_ESTRELAS , VL_MEDIO_COMPRA , ST_CLIENTE , DS_EMAIL , NR_TELEFONE , NM_LOGIN,DS_SENHA)
    VALUES (SQ_MC_CLIENTE.NEXTVAL , 'MVP2L.SA' , 5 , 1000800 , 'A' , 'sac@mvp2l.com' , 84998789999 , 'VEJA.loja' , 'VEja2001');
/* Não foi possivel cadastrar um novo cliente, gerou a seguinte mesnagem de erro:
    
    "ORA-00001: restrição exclusiva (RM99237.UK_MC_CLIENTE_MM_LOGIN) violada"

Acontece este erro por conta da coluna estar com uma Unique Constraint. Sendo assim o conteudo desta coluna não pode repetir 
em nenhuma linha. 

*/












--Deletar todos os dados de MC_CLIENTE
--DELETE FROM MC_CLIENTE;

--Deletar todos os dados de MC_CLI_FISICA
--DELETE FROM MC_CLI_FISICA;

--Deletar todos os dados de MC_CLI_JURIDICA
--DELETE FROM MC_CLI_JURIDICA;

-- Consultando todos os dados da tabela MC_CLIENTE
--SELECT * FROM MC_CLIENTE;

-- Consultando todos os dados da tabela MC_CLI_FISICA
--SELECT * FROM MC_CLI_FISICA;

-- Consultando todos os dados da tabela MC_CLI_JURIDICA
--SELECT * FROM MC_CLI_JURIDICA;

--alter sequence SQ_MC_CLIENTE restart start with 1;
--Deletar todos os dados de MC_CLI_JURIDICA
--DELETE FROM MC_END_CLI;

-- Consultando todos os dados da tabela MC_CLI_JURIDICA
--SELECT * FROM MC_END_CLI;

--Deletando todos os dados da tabela MC_END_FUNC 
--DELETE FROM MC_END_FUNC

--Consultando todos os dados da tabela MC_END_FUNC
--SELECT * FROM MC_END_FUNC;

--Deletando todos os dados da tabela MC_LOGRADOURO 
--DELETE FROM MC_LOGRADOURO

--Consultando todos os dados da tabela MC_LOGRADOURO
--SELECT * FROM MC_LOGRADOURO

--Deleta todos os dados da tabela MC_BAIRRO 
--DELETE FROM MC_BAIRRO;

--Consultando todos os dados da tabela MC_BAIRRO
--SELECT * FROM MC_BAIRRO;

--Deletando todos os dados da tabela MC_CIDADE 
--DELETE FROM MC_CIDADE;

--Consultando todos os dados da tabela MC_CIDADE
--SELECT * FROM MC_CIDADE;





--Deletando todos os dados da tabela MC_ESTADOS 
--DELETE FROM MC_ESTADOS;

--Consultando todos os dados da tabela MC_ESTADO
--SELECT * FROM MC_ESTADO;

--Deletando todos os dados da tabela MC_FUNCIOANRIO
--DELETE FROM MC_FUNCIONARIO;

--Consultando todos os dados da tabela MC_FUNCIONARIO
--SELECT * FROM MC_FUNCIONARIO;









--Deleta todods os dados da tabela MC_DEPTO
--DELETE FROM MC_DEPTO ;

--Consulta todos os dados da tabela MC_DEPTO
--SELECT * FROM MC_DEPTO;

