-- POPULAR A TABELA MC_DEPTO INSERINDO NO MINIMO 7 DEPARTAMENTOS

--Inserindo o Departamento Comercial
INSERT INTO MC_DEPTO(CD_DEPTO, NM_DEPTO, ST_DEPTO) 
VALUES (SQ_MC_DEPTO.NEXTVAL, 'COMERCIAL', 'A');
--Inserindo o Departamento Contabilidade
INSERT INTO MC_DEPTO(CD_DEPTO, NM_DEPTO, ST_DEPTO) 
VALUES (SQ_MC_DEPTO.NEXTVAL, 'CONTABILIDADE', 'A');
--Inserindo o Departamento Estoque
INSERT INTO MC_DEPTO(CD_DEPTO, NM_DEPTO, ST_DEPTO) 
VALUES (SQ_MC_DEPTO.NEXTVAL, 'ESTOQUE', 'A');
--Inserindo o Departamento Financeiro
INSERT INTO MC_DEPTO(CD_DEPTO, NM_DEPTO, ST_DEPTO) 
VALUES (SQ_MC_DEPTO.NEXTVAL, 'FINANCEIRO', 'A');
--Inserindo o Departamento Serviço de Atendimento ao cliente - SAC
INSERT INTO MC_DEPTO(CD_DEPTO, NM_DEPTO, ST_DEPTO) 
VALUES (SQ_MC_DEPTO.NEXTVAL, 'SERVIÇO DE ATENDIMENTO AO CLIENTE - SAC', 'A');
--Inserindo o Departamento Recursos Humanos - RH
INSERT INTO MC_DEPTO(CD_DEPTO, NM_DEPTO, ST_DEPTO) 
VALUES (SQ_MC_DEPTO.NEXTVAL, 'RECURSOS HUMANOS - RH','A');
--Inserindo o Departamento Logistica
INSERT INTO MC_DEPTO(CD_DEPTO, NM_DEPTO, ST_DEPTO) 
VALUES (SQ_MC_DEPTO.NEXTVAL, 'LOGISTICA', 'A');


-- POPULAR A TABELA FUNCIONARIO, INSERINDO NO MÍNIMO 3 FUNCIONARIOS PARA CADA DEPARTAMENTO CRIADO


--Inserindo 4 funcionarios no departamento comercial(3) 
INSERT INTO MC_FUNCIONARIO(CD_FUNCIONARIO, CD_DEPTO, CD_GERENTE, NM_FUNCIONARIO, 
DT_NASCIMENTO, FL_SEXO_BIOLOGICO,DS_GENERO, DS_CARGO, VL_SALARIO, DS_EMAIL, ST_FUNC, 
DT_CADASTRAMENTO, DT_DESLIGAMENTO) 
VALUES (SQ_MC_FUNCIONARIO.NEXTVAL, 3, 1,'Adriana Arantes',TO_DATE('12/04/83', 'DD/MM/YY'),
NULL, NULL,'GERENTE COMERCIAL', 11433, NULL, NULL, TO_DATE('15/02/08', 'DD/MM/YY'), NULL);
INSERT INTO MC_FUNCIONARIO(CD_FUNCIONARIO, CD_DEPTO, CD_GERENTE, NM_FUNCIONARIO, 
DT_NASCIMENTO, FL_SEXO_BIOLOGICO,DS_GENERO, DS_CARGO, VL_SALARIO, DS_EMAIL, ST_FUNC, 
DT_CADASTRAMENTO, DT_DESLIGAMENTO) 
VALUES (SQ_MC_FUNCIONARIO.NEXTVAL, 3, SQ_MC_FUNCIONARIO.CURRVAL-1,'Juliana Montenegro',TO_DATE('21/09/00', 'DD/MM/YY'),
NULL, NULL,'ANALISTA COMERCIAL', 6800, NULL, NULL, TO_DATE('15/02/23', 'DD/MM/YY'), NULL);
INSERT INTO MC_FUNCIONARIO(CD_FUNCIONARIO, CD_DEPTO, CD_GERENTE, NM_FUNCIONARIO, 
DT_NASCIMENTO, FL_SEXO_BIOLOGICO,DS_GENERO, DS_CARGO, VL_SALARIO, DS_EMAIL, ST_FUNC, 
DT_CADASTRAMENTO, DT_DESLIGAMENTO) 
VALUES (SQ_MC_FUNCIONARIO.NEXTVAL, 3, SQ_MC_FUNCIONARIO.CURRVAL-2,'Karina Salgueiro',TO_DATE('17/01/90', 'DD/MM/YY'),
NULL, NULL,'ANALISTA COMERCIAL', 7800, NULL, NULL, TO_DATE('15/02/23', 'DD/MM/YY'), NULL);
INSERT INTO MC_FUNCIONARIO(CD_FUNCIONARIO, CD_DEPTO, CD_GERENTE, NM_FUNCIONARIO, 
DT_NASCIMENTO, FL_SEXO_BIOLOGICO,DS_GENERO, DS_CARGO, VL_SALARIO, DS_EMAIL, ST_FUNC, 
DT_CADASTRAMENTO, DT_DESLIGAMENTO) 
VALUES (SQ_MC_FUNCIONARIO.NEXTVAL, 3, SQ_MC_FUNCIONARIO.CURRVAL-3,'Rubens Monte',TO_DATE('04/12/95', 'DD/MM/YY'),
NULL, NULL,'ANALISTA COMERCIAL', 6800, NULL, NULL, TO_DATE('15/02/23', 'DD/MM/YY'), NULL);

--Inserindo 4 funcionarios no departamento de contabilidade(4)
INSERT INTO MC_FUNCIONARIO(CD_FUNCIONARIO, CD_DEPTO, CD_GERENTE, NM_FUNCIONARIO, 
DT_NASCIMENTO, FL_SEXO_BIOLOGICO,DS_GENERO, DS_CARGO, VL_SALARIO, DS_EMAIL, ST_FUNC, 
DT_CADASTRAMENTO, DT_DESLIGAMENTO) 
VALUES (SQ_MC_FUNCIONARIO.NEXTVAL, 4, 1,'Geraldo Albuquerque',TO_DATE('11/07/85', 'DD/MM/YY'),
NULL, NULL,'GERENTE CONTABILIDADE', 10400, NULL, NULL, TO_DATE('15/02/05', 'DD/MM/YY'), NULL);
INSERT INTO MC_FUNCIONARIO(CD_FUNCIONARIO, CD_DEPTO, CD_GERENTE, NM_FUNCIONARIO, 
DT_NASCIMENTO, FL_SEXO_BIOLOGICO,DS_GENERO, DS_CARGO, VL_SALARIO, DS_EMAIL, ST_FUNC, 
DT_CADASTRAMENTO, DT_DESLIGAMENTO) 
VALUES (SQ_MC_FUNCIONARIO.NEXTVAL, 4, SQ_MC_FUNCIONARIO.CURRVAL-1,'Ricardo Santos',TO_DATE('18/11/00', 'DD/MM/YY'),
NULL, NULL,'ANALISTA CONTABIL', 5800, NULL, NULL, TO_DATE('15/02/23', 'DD/MM/YY'), NULL);
INSERT INTO MC_FUNCIONARIO(CD_FUNCIONARIO, CD_DEPTO, CD_GERENTE, NM_FUNCIONARIO, 
DT_NASCIMENTO, FL_SEXO_BIOLOGICO,DS_GENERO, DS_CARGO, VL_SALARIO, DS_EMAIL, ST_FUNC, 
DT_CADASTRAMENTO, DT_DESLIGAMENTO) 
VALUES (SQ_MC_FUNCIONARIO.NEXTVAL, 4, SQ_MC_FUNCIONARIO.CURRVAL-2,'Mariana Vargas',TO_DATE('28/10/95', 'DD/MM/YY'),
NULL, NULL,'ANALISTA CONTABIL', 6300, NULL, NULL, TO_DATE('15/02/23', 'DD/MM/YY'), NULL);
INSERT INTO MC_FUNCIONARIO(CD_FUNCIONARIO, CD_DEPTO, CD_GERENTE, NM_FUNCIONARIO, 
DT_NASCIMENTO, FL_SEXO_BIOLOGICO,DS_GENERO, DS_CARGO, VL_SALARIO, DS_EMAIL, ST_FUNC, 
DT_CADASTRAMENTO, DT_DESLIGAMENTO) 
VALUES (SQ_MC_FUNCIONARIO.NEXTVAL, 4, SQ_MC_FUNCIONARIO.CURRVAL-3,'Ana Luisa Vieira',TO_DATE('08/06/96', 'DD/MM/YY'),
NULL, NULL,'ANALISTA CONTABIL', 6389, NULL, NULL, TO_DATE('18/02/21', 'DD/MM/YY'), NULL);

--Inserindo 4 funcionarios no departamento de Estoque(5)
INSERT INTO MC_FUNCIONARIO(CD_FUNCIONARIO, CD_DEPTO, CD_GERENTE, NM_FUNCIONARIO, 
DT_NASCIMENTO, FL_SEXO_BIOLOGICO,DS_GENERO, DS_CARGO, VL_SALARIO, DS_EMAIL, ST_FUNC, 
DT_CADASTRAMENTO, DT_DESLIGAMENTO) 
VALUES (SQ_MC_FUNCIONARIO.NEXTVAL, 5, 1,'Mateus Luchesse',TO_DATE('24/05/86', 'DD/MM/YY'),
NULL, NULL,'GERENTE ESTOQUE', 10400, NULL, NULL, TO_DATE('15/02/10', 'DD/MM/YY'), NULL);
INSERT INTO MC_FUNCIONARIO(CD_FUNCIONARIO, CD_DEPTO, CD_GERENTE, NM_FUNCIONARIO, 
DT_NASCIMENTO, FL_SEXO_BIOLOGICO,DS_GENERO, DS_CARGO, VL_SALARIO, DS_EMAIL, ST_FUNC, 
DT_CADASTRAMENTO, DT_DESLIGAMENTO) 
VALUES (SQ_MC_FUNCIONARIO.NEXTVAL, 5, SQ_MC_FUNCIONARIO.CURRVAL-1,'Karla Andrade',TO_DATE('02/08/96', 'DD/MM/YY'),
NULL, NULL,'ANALISTA ESTOQUE', 6300, NULL, NULL, TO_DATE('11/02/18', 'DD/MM/YY'), NULL);
INSERT INTO MC_FUNCIONARIO(CD_FUNCIONARIO, CD_DEPTO, CD_GERENTE, NM_FUNCIONARIO, 
DT_NASCIMENTO, FL_SEXO_BIOLOGICO,DS_GENERO, DS_CARGO, VL_SALARIO, DS_EMAIL, ST_FUNC, 
DT_CADASTRAMENTO, DT_DESLIGAMENTO) 
VALUES (SQ_MC_FUNCIONARIO.NEXTVAL, 5, SQ_MC_FUNCIONARIO.CURRVAL-2,'Leonardo Sakagushi',TO_DATE('28/11/93', 'DD/MM/YY'),
NULL, NULL,'ANALISTA ESTOQUE', 6300, NULL, NULL, TO_DATE('07/02/17', 'DD/MM/YY'), NULL);
INSERT INTO MC_FUNCIONARIO(CD_FUNCIONARIO, CD_DEPTO, CD_GERENTE, NM_FUNCIONARIO, 
DT_NASCIMENTO, FL_SEXO_BIOLOGICO,DS_GENERO, DS_CARGO, VL_SALARIO, DS_EMAIL, ST_FUNC, 
DT_CADASTRAMENTO, DT_DESLIGAMENTO) 
VALUES (SQ_MC_FUNCIONARIO.NEXTVAL, 5, SQ_MC_FUNCIONARIO.CURRVAL-3,'Carolina Abrantes',TO_DATE('22/09/90', 'DD/MM/YY'),
NULL, NULL,'ANALISTA ESTOQUE', 6540, NULL, NULL, TO_DATE('15/02/14', 'DD/MM/YY'), NULL);

--Inserindo 4 funcionarios no departamento de financeiro(6)
INSERT INTO MC_FUNCIONARIO(CD_FUNCIONARIO, CD_DEPTO, CD_GERENTE, NM_FUNCIONARIO, 
DT_NASCIMENTO, FL_SEXO_BIOLOGICO,DS_GENERO, DS_CARGO, VL_SALARIO, DS_EMAIL, ST_FUNC, 
DT_CADASTRAMENTO, DT_DESLIGAMENTO) 
VALUES (SQ_MC_FUNCIONARIO.NEXTVAL, 6, 1,'Roberta Branco',TO_DATE('09/02/85', 'DD/MM/YY'),
NULL, NULL,'GERENTE FINANCEIRO', 12940, NULL, NULL, TO_DATE('16/02/09', 'DD/MM/YY'), NULL);
INSERT INTO MC_FUNCIONARIO(CD_FUNCIONARIO, CD_DEPTO, CD_GERENTE, NM_FUNCIONARIO, 
DT_NASCIMENTO, FL_SEXO_BIOLOGICO,DS_GENERO, DS_CARGO, VL_SALARIO, DS_EMAIL, ST_FUNC, 
DT_CADASTRAMENTO, DT_DESLIGAMENTO) 
VALUES (SQ_MC_FUNCIONARIO.NEXTVAL, 6, SQ_MC_FUNCIONARIO.CURRVAL-1,'Fernando Soares',TO_DATE('17/11/89', 'DD/MM/YY'),
NULL, NULL,'ANALISTA FINANCEIRO', 7200, NULL, NULL, TO_DATE('25/02/09', 'DD/MM/YY'), NULL);
INSERT INTO MC_FUNCIONARIO(CD_FUNCIONARIO, CD_DEPTO, CD_GERENTE, NM_FUNCIONARIO, 
DT_NASCIMENTO, FL_SEXO_BIOLOGICO,DS_GENERO, DS_CARGO, VL_SALARIO, DS_EMAIL, ST_FUNC, 
DT_CADASTRAMENTO, DT_DESLIGAMENTO) 
VALUES (SQ_MC_FUNCIONARIO.NEXTVAL, 6, SQ_MC_FUNCIONARIO.CURRVAL-2,'Tulio Heguer',TO_DATE('14/03/90', 'DD/MM/YY'),
NULL, NULL,'ANALISTA FINANCEIRO', 6900, NULL, NULL, TO_DATE('21/06/12', 'DD/MM/YY'), NULL);
INSERT INTO MC_FUNCIONARIO(CD_FUNCIONARIO, CD_DEPTO, CD_GERENTE, NM_FUNCIONARIO, 
DT_NASCIMENTO, FL_SEXO_BIOLOGICO,DS_GENERO, DS_CARGO, VL_SALARIO, DS_EMAIL, ST_FUNC, 
DT_CADASTRAMENTO, DT_DESLIGAMENTO) 
VALUES (SQ_MC_FUNCIONARIO.NEXTVAL, 6, SQ_MC_FUNCIONARIO.CURRVAL-3,'Camila Scavuzzi',TO_DATE('04/07/88', 'DD/MM/YY'),
NULL, NULL,'ANALISTA FINANCEIRO', 7300, NULL, NULL, TO_DATE('25/02/09', 'DD/MM/YY'), NULL);

--Inserindo 4 funcionarios no departamento de SAC(7)
INSERT INTO MC_FUNCIONARIO(CD_FUNCIONARIO, CD_DEPTO, CD_GERENTE, NM_FUNCIONARIO, 
DT_NASCIMENTO, FL_SEXO_BIOLOGICO,DS_GENERO, DS_CARGO, VL_SALARIO, DS_EMAIL, ST_FUNC, 
DT_CADASTRAMENTO, DT_DESLIGAMENTO) 
VALUES (SQ_MC_FUNCIONARIO.NEXTVAL, 7, 1,'Eduardo Melo',TO_DATE('08/01/85', 'DD/MM/YY'),
NULL, NULL,'GERENTE ATENDIMENTO AO CLIENTE', 11600, NULL, NULL, TO_DATE('09/04/10', 'DD/MM/YY'), NULL);
INSERT INTO MC_FUNCIONARIO(CD_FUNCIONARIO, CD_DEPTO, CD_GERENTE, NM_FUNCIONARIO, 
DT_NASCIMENTO, FL_SEXO_BIOLOGICO,DS_GENERO, DS_CARGO, VL_SALARIO, DS_EMAIL, ST_FUNC, 
DT_CADASTRAMENTO, DT_DESLIGAMENTO) 
VALUES (SQ_MC_FUNCIONARIO.NEXTVAL, 7, SQ_MC_FUNCIONARIO.CURRVAL-1,'Beatriz Mendonca',TO_DATE('17/11/86', 'DD/MM/YY'),
NULL, NULL,'ANALISTA ATENDIMENTO AO CLIENTE', 6900, NULL, NULL, TO_DATE('07/03/10', 'DD/MM/YY'), NULL);
INSERT INTO MC_FUNCIONARIO(CD_FUNCIONARIO, CD_DEPTO, CD_GERENTE, NM_FUNCIONARIO, 
DT_NASCIMENTO, FL_SEXO_BIOLOGICO,DS_GENERO, DS_CARGO, VL_SALARIO, DS_EMAIL, ST_FUNC, 
DT_CADASTRAMENTO, DT_DESLIGAMENTO) 
VALUES (SQ_MC_FUNCIONARIO.NEXTVAL, 7, SQ_MC_FUNCIONARIO.CURRVAL-2,'Clarice Santos',TO_DATE('03/08/90', 'DD/MM/YY'),
NULL, NULL,'ANALISTA ATENDIMENTO AO CLIENTE', 6580, NULL, NULL, TO_DATE('08/09/15', 'DD/MM/YY'), NULL);
INSERT INTO MC_FUNCIONARIO(CD_FUNCIONARIO, CD_DEPTO, CD_GERENTE, NM_FUNCIONARIO, 
DT_NASCIMENTO, FL_SEXO_BIOLOGICO,DS_GENERO, DS_CARGO, VL_SALARIO, DS_EMAIL, ST_FUNC, 
DT_CADASTRAMENTO, DT_DESLIGAMENTO) 
VALUES (SQ_MC_FUNCIONARIO.NEXTVAL, 7, SQ_MC_FUNCIONARIO.CURRVAL-3,'Arthur Rizzo',TO_DATE('13/12/90', 'DD/MM/YY'),
NULL, NULL,'ANALISTA ATENDIMENTO AO CLIENTE', 6580, NULL, NULL, TO_DATE('08/09/18', 'DD/MM/YY'), NULL);

--Inserindo 4 funcionarios no departamento de RH(8)
INSERT INTO MC_FUNCIONARIO(CD_FUNCIONARIO, CD_DEPTO, CD_GERENTE, NM_FUNCIONARIO, 
DT_NASCIMENTO, FL_SEXO_BIOLOGICO,DS_GENERO, DS_CARGO, VL_SALARIO, DS_EMAIL, ST_FUNC, 
DT_CADASTRAMENTO, DT_DESLIGAMENTO) 
VALUES (SQ_MC_FUNCIONARIO.NEXTVAL, 8, 1,'Paula Ximenes',TO_DATE('05/05/80', 'DD/MM/YY'),
NULL, NULL,'GERENTE RECURSOS HUMANOS', 11980, NULL, NULL, TO_DATE('02/01/05', 'DD/MM/YY'), NULL);
INSERT INTO MC_FUNCIONARIO(CD_FUNCIONARIO, CD_DEPTO, CD_GERENTE, NM_FUNCIONARIO, 
DT_NASCIMENTO, FL_SEXO_BIOLOGICO,DS_GENERO, DS_CARGO, VL_SALARIO, DS_EMAIL, ST_FUNC, 
DT_CADASTRAMENTO, DT_DESLIGAMENTO) 
VALUES (SQ_MC_FUNCIONARIO.NEXTVAL, 8, SQ_MC_FUNCIONARIO.CURRVAL-1,'Maria Julia Gouveia',TO_DATE('04/02/99', 'DD/MM/YY'),
NULL, NULL,'ANALISTA RECURSOS HUMANOS', 6300, NULL, NULL, TO_DATE('08/09/22', 'DD/MM/YY'), NULL);
INSERT INTO MC_FUNCIONARIO(CD_FUNCIONARIO, CD_DEPTO, CD_GERENTE, NM_FUNCIONARIO, 
DT_NASCIMENTO, FL_SEXO_BIOLOGICO,DS_GENERO, DS_CARGO, VL_SALARIO, DS_EMAIL, ST_FUNC, 
DT_CADASTRAMENTO, DT_DESLIGAMENTO) 
VALUES (SQ_MC_FUNCIONARIO.NEXTVAL, 8, SQ_MC_FUNCIONARIO.CURRVAL-2,'David Alves',TO_DATE('13/05/93', 'DD/MM/YY'),
NULL, NULL,'ANALISTA RECURSOS HUMANOS', 6300, NULL, NULL, TO_DATE('02/01/00', 'DD/MM/YY'), NULL);
INSERT INTO MC_FUNCIONARIO(CD_FUNCIONARIO, CD_DEPTO, CD_GERENTE, NM_FUNCIONARIO, 
DT_NASCIMENTO, FL_SEXO_BIOLOGICO,DS_GENERO, DS_CARGO, VL_SALARIO, DS_EMAIL, ST_FUNC, 
DT_CADASTRAMENTO, DT_DESLIGAMENTO) 
VALUES (SQ_MC_FUNCIONARIO.NEXTVAL, 8, SQ_MC_FUNCIONARIO.CURRVAL-3,'Gustavo Fazio',TO_DATE('04/02/95', 'DD/MM/YY'),
NULL, NULL,'ANALISTA RECURSOS HUMANOS', 6300, NULL, NULL, TO_DATE('02/01/00', 'DD/MM/YY'), NULL);

--Inserindo 4 funcionarios no departamento de Logistica(9)
INSERT INTO MC_FUNCIONARIO(CD_FUNCIONARIO, CD_DEPTO, CD_GERENTE, NM_FUNCIONARIO, 
DT_NASCIMENTO, FL_SEXO_BIOLOGICO,DS_GENERO, DS_CARGO, VL_SALARIO, DS_EMAIL, ST_FUNC, 
DT_CADASTRAMENTO, DT_DESLIGAMENTO) 
VALUES (SQ_MC_FUNCIONARIO.NEXTVAL, 9, 1,'Murilo Souza',TO_DATE('09/08/83', 'DD/MM/YY'),
NULL, NULL,'GERENTE LOGISTICA', 11980, NULL, NULL, TO_DATE('02/01/05', 'DD/MM/YY'), NULL);
INSERT INTO MC_FUNCIONARIO(CD_FUNCIONARIO, CD_DEPTO, CD_GERENTE, NM_FUNCIONARIO, 
DT_NASCIMENTO, FL_SEXO_BIOLOGICO,DS_GENERO, DS_CARGO, VL_SALARIO, DS_EMAIL, ST_FUNC, 
DT_CADASTRAMENTO, DT_DESLIGAMENTO) 
VALUES (SQ_MC_FUNCIONARIO.NEXTVAL, 9, SQ_MC_FUNCIONARIO.CURRVAL-1,'Regina Furtado',TO_DATE('02/05/88', 'DD/MM/YY'),
NULL, NULL,'ANALISTA LOGISTICA', 6300, NULL, NULL, TO_DATE('02/01/06', 'DD/MM/YY'), NULL);
INSERT INTO MC_FUNCIONARIO(CD_FUNCIONARIO, CD_DEPTO, CD_GERENTE, NM_FUNCIONARIO, 
DT_NASCIMENTO, FL_SEXO_BIOLOGICO,DS_GENERO, DS_CARGO, VL_SALARIO, DS_EMAIL, ST_FUNC, 
DT_CADASTRAMENTO, DT_DESLIGAMENTO) 
VALUES (SQ_MC_FUNCIONARIO.NEXTVAL, 9, SQ_MC_FUNCIONARIO.CURRVAL-2,'Gabriela Nakamura',TO_DATE('12/02/84', 'DD/MM/YY'),
NULL, NULL,'ANALISTA LOGISTICA', 6300, NULL, NULL, TO_DATE('02/01/06', 'DD/MM/YY'), NULL);
INSERT INTO MC_FUNCIONARIO(CD_FUNCIONARIO, CD_DEPTO, CD_GERENTE, NM_FUNCIONARIO, 
DT_NASCIMENTO, FL_SEXO_BIOLOGICO,DS_GENERO, DS_CARGO, VL_SALARIO, DS_EMAIL, ST_FUNC, 
DT_CADASTRAMENTO, DT_DESLIGAMENTO) 
VALUES (SQ_MC_FUNCIONARIO.NEXTVAL, 9, SQ_MC_FUNCIONARIO.CURRVAL-3,'Maria Evans',TO_DATE('22/08/85', 'DD/MM/YY'),
NULL, NULL,'ANALISTA LOGISTICA', 6300, NULL, NULL, TO_DATE('02/01/06', 'DD/MM/YY'), NULL);



-- POPULAR A TABELA MC_ESTADO COM TODOS OS ESTADOS DO BRASIL

INSERT INTO MC_ESTADO(SG_ESTADO, NM_ESTADO)
VALUES ('AC','Acre');
INSERT INTO MC_ESTADO(SG_ESTADO, NM_ESTADO)
VALUES ('AL','Alagoas');
INSERT INTO MC_ESTADO(SG_ESTADO, NM_ESTADO)
VALUES ('AP','Amapá');
INSERT INTO MC_ESTADO(SG_ESTADO, NM_ESTADO)
VALUES ('AM', 'Amazonas');
INSERT INTO MC_ESTADO(SG_ESTADO, NM_ESTADO)
VALUES ('BA', 'Bahia');
INSERT INTO MC_ESTADO(SG_ESTADO, NM_ESTADO)
VALUES ('CE', 'Ceará');
INSERT INTO MC_ESTADO(SG_ESTADO, NM_ESTADO)
VALUES ('ES', 'Espírito Santo');
INSERT INTO MC_ESTADO(SG_ESTADO, NM_ESTADO)
VALUES ('GO', 'Goiás');
INSERT INTO MC_ESTADO(SG_ESTADO, NM_ESTADO)
VALUES ('MA', 'Maranhão');
INSERT INTO MC_ESTADO(SG_ESTADO, NM_ESTADO)
VALUES ('MT', 'Mato Grosso');
INSERT INTO MC_ESTADO(SG_ESTADO, NM_ESTADO)
VALUES ('MS', 'Mato Grosso do Sul');
INSERT INTO MC_ESTADO(SG_ESTADO, NM_ESTADO)
VALUES ('MG', 'Minas Gerais');
INSERT INTO MC_ESTADO(SG_ESTADO, NM_ESTADO)
VALUES ('PA', 'Pará');
INSERT INTO MC_ESTADO(SG_ESTADO, NM_ESTADO)
VALUES ('PB', 'Paraíba');
INSERT INTO MC_ESTADO(SG_ESTADO, NM_ESTADO)
VALUES ('PR', 'Paraná');
INSERT INTO MC_ESTADO(SG_ESTADO, NM_ESTADO)
VALUES ('PE', 'Pernambuco');
INSERT INTO MC_ESTADO(SG_ESTADO, NM_ESTADO)
VALUES ('PI', 'Piauí');
INSERT INTO MC_ESTADO(SG_ESTADO, NM_ESTADO)
VALUES ('RJ', 'Rio de Janeiro');
INSERT INTO MC_ESTADO(SG_ESTADO, NM_ESTADO)
VALUES ('RN', 'Rio Grande do Norte');
INSERT INTO MC_ESTADO(SG_ESTADO, NM_ESTADO)
VALUES ('RS', 'Rio Grande do Sul');
INSERT INTO MC_ESTADO(SG_ESTADO, NM_ESTADO)
VALUES ('RO', 'Rondônia');
INSERT INTO MC_ESTADO(SG_ESTADO, NM_ESTADO)
VALUES ('RR', 'Roraima');
INSERT INTO MC_ESTADO(SG_ESTADO, NM_ESTADO)
VALUES ('SC', 'Santa Catarina');
INSERT INTO MC_ESTADO(SG_ESTADO, NM_ESTADO)
VALUES ('SP', 'São Paulo');
INSERT INTO MC_ESTADO(SG_ESTADO, NM_ESTADO)
VALUES ('SE', 'Sergipe');
INSERT INTO MC_ESTADO(SG_ESTADO, NM_ESTADO)
VALUES ('TO', 'Tocantins');
INSERT INTO MC_ESTADO(SG_ESTADO, NM_ESTADO)
VALUES ('DF', 'Distrito Federal');

-- POPULAR A TABELA MC_CIDADE ASSOCIANDO NO MÍNIMO 2 CIDADES PARA 
-- CADA UM DOS 5 ESTADOS SELECIONADOS

--Inserindo 3 cidades no estado de Sao Paulo
INSERT INTO MC_CIDADE (CD_CIDADE, SG_ESTADO, NM_CIDADE, CD_IBGE, NR_DDD)
VALUES (SQ_MC_CIDADE.NEXTVAL, 'SP', 'CAMPINAS', 3509502, 19);
INSERT INTO MC_CIDADE (CD_CIDADE, SG_ESTADO, NM_CIDADE, CD_IBGE, NR_DDD)
VALUES (SQ_MC_CIDADE.NEXTVAL, 'SP', 'SAO JOSE DOS CAMPOS', 3549904, 12);
INSERT INTO MC_CIDADE (CD_CIDADE, SG_ESTADO, NM_CIDADE, CD_IBGE, NR_DDD)
VALUES (SQ_MC_CIDADE.NEXTVAL, 'SP', 'RIBEIRAO PRETO', 3543402, 16);
--Inserindo 3 cidades no estado de Minas Gerais
INSERT INTO MC_CIDADE (CD_CIDADE, SG_ESTADO, NM_CIDADE, CD_IBGE, NR_DDD)
VALUES (SQ_MC_CIDADE.NEXTVAL, 'MG', 'UBERLANDIA', 3170206, 34);
INSERT INTO MC_CIDADE (CD_CIDADE, SG_ESTADO, NM_CIDADE, CD_IBGE, NR_DDD)
VALUES (SQ_MC_CIDADE.NEXTVAL, 'MG', 'BELO HORIZONTE', 3106200, 31);
INSERT INTO MC_CIDADE (CD_CIDADE, SG_ESTADO, NM_CIDADE, CD_IBGE, NR_DDD)
VALUES (SQ_MC_CIDADE.NEXTVAL, 'MG', 'JUIZ DE FORA', 3136702, 32);
--Inserindo 3 cidades no estado de Pernambuco
INSERT INTO MC_CIDADE (CD_CIDADE, SG_ESTADO, NM_CIDADE, CD_IBGE, NR_DDD)
VALUES (SQ_MC_CIDADE.NEXTVAL, 'PE', 'CARUARU', 2604106,81);
INSERT INTO MC_CIDADE (CD_CIDADE, SG_ESTADO, NM_CIDADE, CD_IBGE, NR_DDD)
VALUES (SQ_MC_CIDADE.NEXTVAL, 'PE', 'RECIFE', 2611606,81);
INSERT INTO MC_CIDADE (CD_CIDADE, SG_ESTADO, NM_CIDADE, CD_IBGE, NR_DDD)
VALUES (SQ_MC_CIDADE.NEXTVAL, 'PE', 'PETROLINA', 2611101,87);
--Inserindo 3 cidades no estado de Rio Grande do Norte
INSERT INTO MC_CIDADE (CD_CIDADE, SG_ESTADO, NM_CIDADE, CD_IBGE, NR_DDD)
VALUES (SQ_MC_CIDADE.NEXTVAL, 'RN', 'NATAL', 2408102, 84);
INSERT INTO MC_CIDADE (CD_CIDADE, SG_ESTADO, NM_CIDADE, CD_IBGE, NR_DDD)
VALUES (SQ_MC_CIDADE.NEXTVAL, 'RN', 'MOSSORO',2408003, 84);
INSERT INTO MC_CIDADE (CD_CIDADE, SG_ESTADO, NM_CIDADE, CD_IBGE, NR_DDD)
VALUES (SQ_MC_CIDADE.NEXTVAL, 'RN', 'PARNAMIRIM', 2403251, 84);
--Inserindo 3 cidades no estado de Santa Catarina
INSERT INTO MC_CIDADE (CD_CIDADE, SG_ESTADO, NM_CIDADE, CD_IBGE, NR_DDD)
VALUES (SQ_MC_CIDADE.NEXTVAL, 'SC', 'JOINVILLE', 4209102, 47);
INSERT INTO MC_CIDADE (CD_CIDADE, SG_ESTADO, NM_CIDADE, CD_IBGE, NR_DDD)
VALUES (SQ_MC_CIDADE.NEXTVAL, 'SC', 'FLORIANOPOLIS', 4205407, 48);
INSERT INTO MC_CIDADE (CD_CIDADE, SG_ESTADO, NM_CIDADE, CD_IBGE, NR_DDD)
VALUES (SQ_MC_CIDADE.NEXTVAL, 'SC', 'BALNEARIO CAMBORIU', 4202008, 48);


/* Para cada cidade, associe no mínimo 1 bairro e para cada bairro, associe 
2 endereços. Utilize nomes significativos e coerentes, de acordo com a base 
do Correio*/ 

INSERT INTO MC_BAIRRO (CD_BAIRRO, CD_CIDADE, NM_BAIRRO, NM_ZONA_BAIRRO) 
VALUES (SQ_MC_BAIRRO.NEXTVAL, 1, 'JARDIM SAO JOSE', 'ZONA SUL');
INSERT INTO MC_BAIRRO (CD_BAIRRO, CD_CIDADE, NM_BAIRRO, NM_ZONA_BAIRRO) 
VALUES (SQ_MC_BAIRRO.NEXTVAL, 1, 'PARQUE SAO QUIRINO', 'ZONA NORTE');

INSERT INTO MC_BAIRRO (CD_BAIRRO, CD_CIDADE, NM_BAIRRO, NM_ZONA_BAIRRO) 
VALUES (SQ_MC_BAIRRO.NEXTVAL, 2, 'VISTA VERDE', 'ZONA NORTE');
INSERT INTO MC_BAIRRO (CD_BAIRRO, CD_CIDADE, NM_BAIRRO, NM_ZONA_BAIRRO) 
VALUES (SQ_MC_BAIRRO.NEXTVAL, 2, 'JARDIM COLONIAL', 'ZONA SUL');

INSERT INTO MC_BAIRRO (CD_BAIRRO, CD_CIDADE, NM_BAIRRO, NM_ZONA_BAIRRO) 
VALUES (SQ_MC_BAIRRO.NEXTVAL, 3, 'PLANALTO VERDE', 'ZONA OESTE');
INSERT INTO MC_BAIRRO (CD_BAIRRO, CD_CIDADE, NM_BAIRRO, NM_ZONA_BAIRRO) 
VALUES (SQ_MC_BAIRRO.NEXTVAL, 3, 'NOVA ALIANÇA', 'ZONA SUL');

INSERT INTO MC_BAIRRO (CD_BAIRRO, CD_CIDADE, NM_BAIRRO, NM_ZONA_BAIRRO) 
VALUES (SQ_MC_BAIRRO.NEXTVAL, 4, 'ALVORADA', 'ZONA LESTE');
INSERT INTO MC_BAIRRO (CD_BAIRRO, CD_CIDADE, NM_BAIRRO, NM_ZONA_BAIRRO) 
VALUES (SQ_MC_BAIRRO.NEXTVAL, 4, 'TOCANTINS', 'ZONA OESTE');

INSERT INTO MC_BAIRRO (CD_BAIRRO, CD_CIDADE, NM_BAIRRO, NM_ZONA_BAIRRO) 
VALUES (SQ_MC_BAIRRO.NEXTVAL, 5, 'PAMPULHA', 'ZONA NORTE');
INSERT INTO MC_BAIRRO (CD_BAIRRO, CD_CIDADE, NM_BAIRRO, NM_ZONA_BAIRRO) 
VALUES (SQ_MC_BAIRRO.NEXTVAL, 5, 'DISTRITO INDUSTRIAL DO JATOBÁ', 'ZONA SUL');

INSERT INTO MC_BAIRRO (CD_BAIRRO, CD_CIDADE, NM_BAIRRO, NM_ZONA_BAIRRO) 
VALUES (SQ_MC_BAIRRO.NEXTVAL, 6,'SANTA LUZIA', 'ZONA SUL');
INSERT INTO MC_BAIRRO (CD_BAIRRO, CD_CIDADE, NM_BAIRRO, NM_ZONA_BAIRRO) 
VALUES (SQ_MC_BAIRRO.NEXTVAL, 6,'ENCOSTA DO SOL', 'ZONA OESTE');

INSERT INTO MC_BAIRRO (CD_BAIRRO, CD_CIDADE, NM_BAIRRO, NM_ZONA_BAIRRO) 
VALUES (SQ_MC_BAIRRO.NEXTVAL, 7,'KENNEDY', 'ZONA OESTE');
INSERT INTO MC_BAIRRO (CD_BAIRRO, CD_CIDADE, NM_BAIRRO, NM_ZONA_BAIRRO) 
VALUES (SQ_MC_BAIRRO.NEXTVAL, 7,'MAURICIO DE NASSAU', 'CENTRO');

INSERT INTO MC_BAIRRO (CD_BAIRRO, CD_CIDADE, NM_BAIRRO, NM_ZONA_BAIRRO) 
VALUES (SQ_MC_BAIRRO.NEXTVAL, 8,'PINA', 'ZONA SUL');
INSERT INTO MC_BAIRRO (CD_BAIRRO, CD_CIDADE, NM_BAIRRO, NM_ZONA_BAIRRO) 
VALUES (SQ_MC_BAIRRO.NEXTVAL, 8,'BAIRRO DO RECIFE', 'CENTRO');

INSERT INTO MC_BAIRRO (CD_BAIRRO, CD_CIDADE, NM_BAIRRO, NM_ZONA_BAIRRO) 
VALUES (SQ_MC_BAIRRO.NEXTVAL, 9,'DOM AVELAR', 'ZONA NORTE');
INSERT INTO MC_BAIRRO (CD_BAIRRO, CD_CIDADE, NM_BAIRRO, NM_ZONA_BAIRRO) 
VALUES (SQ_MC_BAIRRO.NEXTVAL, 9,'SÃO GONÇALO', 'ZONA OESTE');

INSERT INTO MC_BAIRRO (CD_BAIRRO, CD_CIDADE, NM_BAIRRO, NM_ZONA_BAIRRO) 
VALUES (SQ_MC_BAIRRO.NEXTVAL, 10,'PONTA NEGRA', 'ZONA SUL');
INSERT INTO MC_BAIRRO (CD_BAIRRO, CD_CIDADE, NM_BAIRRO, NM_ZONA_BAIRRO) 
VALUES (SQ_MC_BAIRRO.NEXTVAL, 10,'TIROL', 'CENTRO');

INSERT INTO MC_BAIRRO (CD_BAIRRO, CD_CIDADE, NM_BAIRRO, NM_ZONA_BAIRRO) 
VALUES (SQ_MC_BAIRRO.NEXTVAL, 11,'ALTO SUMARÉ', 'ZONA SUL');
INSERT INTO MC_BAIRRO (CD_BAIRRO, CD_CIDADE, NM_BAIRRO, NM_ZONA_BAIRRO) 
VALUES (SQ_MC_BAIRRO.NEXTVAL, 11,'RINCÃO', 'ZONA LESTE');

INSERT INTO MC_BAIRRO (CD_BAIRRO, CD_CIDADE, NM_BAIRRO, NM_ZONA_BAIRRO) 
VALUES (SQ_MC_BAIRRO.NEXTVAL, 12,'CENTRO', 'ZONA CENTRAL');
INSERT INTO MC_BAIRRO (CD_BAIRRO, CD_CIDADE, NM_BAIRRO, NM_ZONA_BAIRRO) 
VALUES (SQ_MC_BAIRRO.NEXTVAL, 12,'NOVA PARNAMIRIM', 'ZONA LESTE');

INSERT INTO MC_BAIRRO (CD_BAIRRO, CD_CIDADE, NM_BAIRRO, NM_ZONA_BAIRRO) 
VALUES (SQ_MC_BAIRRO.NEXTVAL, 13,'PARQUE GUARANI', 'ZONA SUL');
INSERT INTO MC_BAIRRO (CD_BAIRRO, CD_CIDADE, NM_BAIRRO, NM_ZONA_BAIRRO) 
VALUES (SQ_MC_BAIRRO.NEXTVAL, 13,'AVENTUREIRO', 'ZONA SUL');

INSERT INTO MC_BAIRRO (CD_BAIRRO, CD_CIDADE, NM_BAIRRO, NM_ZONA_BAIRRO) 
VALUES (SQ_MC_BAIRRO.NEXTVAL, 14,'PRAIA BRAVA','ZONA NORTE');
INSERT INTO MC_BAIRRO (CD_BAIRRO, CD_CIDADE, NM_BAIRRO, NM_ZONA_BAIRRO) 
VALUES (SQ_MC_BAIRRO.NEXTVAL, 14,'CAMPECHE','ZONA SUL');

INSERT INTO MC_BAIRRO (CD_BAIRRO, CD_CIDADE, NM_BAIRRO, NM_ZONA_BAIRRO) 
VALUES (SQ_MC_BAIRRO.NEXTVAL, 15,'BARRA', 'ZONA SUL');
INSERT INTO MC_BAIRRO (CD_BAIRRO, CD_CIDADE, NM_BAIRRO, NM_ZONA_BAIRRO) 
VALUES (SQ_MC_BAIRRO.NEXTVAL, 15,'PIONEIROS', 'ZONA NORTE');


-- PARA CADA BAIRRO, ASSOCIE 2 ENDEREÇOS. 

INSERT INTO MC_LOGRADOURO(CD_LOGRADOURO, CD_BAIRRO, NM_LOGRADOURO, NR_CEP)
    VALUES (SQ_MC_LOGRADOURO.NEXTVAL,1,'RUA RODOLFO PANONI, 249',13051170);
INSERT INTO MC_LOGRADOURO(CD_LOGRADOURO, CD_BAIRRO, NM_LOGRADOURO, NR_CEP)
    VALUES (SQ_MC_LOGRADOURO.NEXTVAL,1, 'RUA MIGUEL JOÃO JORGE, 129',13051172);
    
INSERT INTO MC_LOGRADOURO(CD_LOGRADOURO, CD_BAIRRO, NM_LOGRADOURO, NR_CEP)
    VALUES (SQ_MC_LOGRADOURO.NEXTVAL,2, 'RUA LUÍS PAOLIERI, 112',13088390);
INSERT INTO MC_LOGRADOURO(CD_LOGRADOURO, CD_BAIRRO, NM_LOGRADOURO, NR_CEP)
    VALUES (SQ_MC_LOGRADOURO.NEXTVAL,2, 'RUA CYRENIA ARRUDA CAMARGO, 1211',13088106);
    
INSERT INTO MC_LOGRADOURO(CD_LOGRADOURO, CD_BAIRRO, NM_LOGRADOURO, NR_CEP)
    VALUES (SQ_MC_LOGRADOURO.NEXTVAL,3,'RUA ARUBA, 74',12223780);
INSERT INTO MC_LOGRADOURO(CD_LOGRADOURO, CD_BAIRRO, NM_LOGRADOURO, NR_CEP)
    VALUES (SQ_MC_LOGRADOURO.NEXTVAL,3, 'RUA BAVIERA, 333',12223760);
    
INSERT INTO MC_LOGRADOURO(CD_LOGRADOURO, CD_BAIRRO, NM_LOGRADOURO, NR_CEP)
    VALUES (SQ_MC_LOGRADOURO.NEXTVAL,4, 'RUA CELINA, 223',12234360);
INSERT INTO MC_LOGRADOURO(CD_LOGRADOURO, CD_BAIRRO, NM_LOGRADOURO, NR_CEP)
    VALUES (SQ_MC_LOGRADOURO.NEXTVAL,4, 'RUA BALTAZAR, 245' ,12234360);
    
INSERT INTO MC_LOGRADOURO(CD_LOGRADOURO, CD_BAIRRO, NM_LOGRADOURO, NR_CEP)
    VALUES (SQ_MC_LOGRADOURO.NEXTVAL,5, 'RUA ALEXANDRE SETI, 160',14056604);
INSERT INTO MC_LOGRADOURO(CD_LOGRADOURO, CD_BAIRRO, NM_LOGRADOURO, NR_CEP)
    VALUES (SQ_MC_LOGRADOURO.NEXTVAL,5, 'RUA JOAQUIM LEONARDO, 251',14056603);
    
INSERT INTO MC_LOGRADOURO(CD_LOGRADOURO, CD_BAIRRO, NM_LOGRADOURO, NR_CEP)
    VALUES (SQ_MC_LOGRADOURO.NEXTVAL,6, 'RUA JOSÉ JAIME DELIBO, 90',14026563);
INSERT INTO MC_LOGRADOURO(CD_LOGRADOURO, CD_BAIRRO, NM_LOGRADOURO, NR_CEP)
    VALUES (SQ_MC_LOGRADOURO.NEXTVAL,6, 'RUA PEDRO GIROTO, 2',14026560);
    
INSERT INTO MC_LOGRADOURO(CD_LOGRADOURO, CD_BAIRRO, NM_LOGRADOURO, NR_CEP)
    VALUES (SQ_MC_LOGRADOURO.NEXTVAL,7, 'RUA JOÃO AUGUSTO LOPES, 212',38407072);
INSERT INTO MC_LOGRADOURO(CD_LOGRADOURO, CD_BAIRRO, NM_LOGRADOURO, NR_CEP)
    VALUES (SQ_MC_LOGRADOURO.NEXTVAL,7, 'RUA MARIA AUGUSTA MORAIS, 82',38407069);
    
INSERT INTO MC_LOGRADOURO(CD_LOGRADOURO, CD_BAIRRO, NM_LOGRADOURO, NR_CEP)
    VALUES (SQ_MC_LOGRADOURO.NEXTVAL,8,'RUA AGENOR BORGES, 303', 38415321);
INSERT INTO MC_LOGRADOURO(CD_LOGRADOURO, CD_BAIRRO, NM_LOGRADOURO, NR_CEP)
    VALUES (SQ_MC_LOGRADOURO.NEXTVAL,8,'RUA JOAQUIM CARRIJO NETTO, 253',38415360);
    
INSERT INTO MC_LOGRADOURO(CD_LOGRADOURO, CD_BAIRRO, NM_LOGRADOURO, NR_CEP)
    VALUES (SQ_MC_LOGRADOURO.NEXTVAL,9,'RUA LÍDER, 22' ,31270480);
INSERT INTO MC_LOGRADOURO(CD_LOGRADOURO, CD_BAIRRO, NM_LOGRADOURO, NR_CEP)
    VALUES (SQ_MC_LOGRADOURO.NEXTVAL,9,'RUA PROF. NELSON DE SENA, 88',31270383);
    
INSERT INTO MC_LOGRADOURO(CD_LOGRADOURO, CD_BAIRRO, NM_LOGRADOURO, NR_CEP)
    VALUES (SQ_MC_LOGRADOURO.NEXTVAL,10,'RUA VALE DO IPÊ, 222', 30666470);
INSERT INTO MC_LOGRADOURO(CD_LOGRADOURO, CD_BAIRRO, NM_LOGRADOURO, NR_CEP)
    VALUES (SQ_MC_LOGRADOURO.NEXTVAL,10,'RUA ZUMBI DOS PALMARES, 33',30666475);
    
INSERT INTO MC_LOGRADOURO(CD_LOGRADOURO, CD_BAIRRO, NM_LOGRADOURO, NR_CEP)
    VALUES (SQ_MC_LOGRADOURO.NEXTVAL,11,'RUA IBITIGUAIA, 781',36031000);
INSERT INTO MC_LOGRADOURO(CD_LOGRADOURO, CD_BAIRRO, NM_LOGRADOURO, NR_CEP)
    VALUES (SQ_MC_LOGRADOURO.NEXTVAL,11,'RUA HUMBERTO BERZOINI, 242',36031060);
    
INSERT INTO MC_LOGRADOURO(CD_LOGRADOURO, CD_BAIRRO, NM_LOGRADOURO, NR_CEP)
    VALUES (SQ_MC_LOGRADOURO.NEXTVAL,12,'RUA ENG. REGINALDO ARCURI, 96',36083018);
INSERT INTO MC_LOGRADOURO(CD_LOGRADOURO, CD_BAIRRO, NM_LOGRADOURO, NR_CEP)
    VALUES (SQ_MC_LOGRADOURO.NEXTVAL,12,'RUA POETA DALTEMAR LIMA,2',36083015);
    
INSERT INTO MC_LOGRADOURO(CD_LOGRADOURO, CD_BAIRRO, NM_LOGRADOURO, NR_CEP)
    VALUES (SQ_MC_LOGRADOURO.NEXTVAL,13,'RUA CADENTE, 16',55780000);
INSERT INTO MC_LOGRADOURO(CD_LOGRADOURO, CD_BAIRRO, NM_LOGRADOURO, NR_CEP)
    VALUES (SQ_MC_LOGRADOURO.NEXTVAL,13,'RUA MERCÚRIO, 12',55040260);
    
INSERT INTO MC_LOGRADOURO(CD_LOGRADOURO, CD_BAIRRO, NM_LOGRADOURO, NR_CEP)
    VALUES (SQ_MC_LOGRADOURO.NEXTVAL,14,'AVENIDA OSWALDO CRUZ, 275',55012040);
INSERT INTO MC_LOGRADOURO(CD_LOGRADOURO, CD_BAIRRO, NM_LOGRADOURO, NR_CEP)
    VALUES (SQ_MC_LOGRADOURO.NEXTVAL,14,'RUA TEÓFILO DIAS, 27',55012710);
    
INSERT INTO MC_LOGRADOURO(CD_LOGRADOURO, CD_BAIRRO, NM_LOGRADOURO, NR_CEP)
    VALUES (SQ_MC_LOGRADOURO.NEXTVAL,15,'RUA TOMÉ GIBSON, 32',51011480);
INSERT INTO MC_LOGRADOURO(CD_LOGRADOURO, CD_BAIRRO, NM_LOGRADOURO, NR_CEP)
    VALUES (SQ_MC_LOGRADOURO.NEXTVAL,15,'RUA AMAZONAS, 171',51011020);
    
INSERT INTO MC_LOGRADOURO(CD_LOGRADOURO, CD_BAIRRO, NM_LOGRADOURO, NR_CEP)
    VALUES (SQ_MC_LOGRADOURO.NEXTVAL,16,'RUA DO BOM JESUS, 14',50030170);
INSERT INTO MC_LOGRADOURO(CD_LOGRADOURO, CD_BAIRRO, NM_LOGRADOURO, NR_CEP)
    VALUES (SQ_MC_LOGRADOURO.NEXTVAL,16,'RUA MADRE DE DEUS, 171',50030230);
    
INSERT INTO MC_LOGRADOURO(CD_LOGRADOURO, CD_BAIRRO, NM_LOGRADOURO, NR_CEP)
    VALUES (SQ_MC_LOGRADOURO.NEXTVAL,17,'RUA DA AMIZADE, 30',56323130);
INSERT INTO MC_LOGRADOURO(CD_LOGRADOURO, CD_BAIRRO, NM_LOGRADOURO, NR_CEP)
    VALUES (SQ_MC_LOGRADOURO.NEXTVAL,17,'AVENIDA DA ESPERANÇA, 650',56323140);
    
INSERT INTO MC_LOGRADOURO(CD_LOGRADOURO, CD_BAIRRO, NM_LOGRADOURO, NR_CEP)
    VALUES (SQ_MC_LOGRADOURO.NEXTVAL,18,'RUA VINTE E OITO, 75',56312281);
INSERT INTO MC_LOGRADOURO(CD_LOGRADOURO, CD_BAIRRO, NM_LOGRADOURO, NR_CEP)
    VALUES (SQ_MC_LOGRADOURO.NEXTVAL,18,'RUA SILVESTRE DIAS PINHEIRO, 132',56312285);
    
INSERT INTO MC_LOGRADOURO(CD_LOGRADOURO, CD_BAIRRO, NM_LOGRADOURO, NR_CEP)
    VALUES (SQ_MC_LOGRADOURO.NEXTVAL,19,'RUA ERIVAN FRANÇA, 153' , 59090100);
INSERT INTO MC_LOGRADOURO(CD_LOGRADOURO, CD_BAIRRO, NM_LOGRADOURO, NR_CEP)
    VALUES (SQ_MC_LOGRADOURO.NEXTVAL,19,'RUA PEDRO FONSECA FILHO, 2030',59090080);
    
INSERT INTO MC_LOGRADOURO(CD_LOGRADOURO, CD_BAIRRO, NM_LOGRADOURO, NR_CEP)
    VALUES (SQ_MC_LOGRADOURO.NEXTVAL,20,'RUA CEARÁ MIRIM, 378',59020240);
INSERT INTO MC_LOGRADOURO(CD_LOGRADOURO, CD_BAIRRO, NM_LOGRADOURO, NR_CEP)
    VALUES (SQ_MC_LOGRADOURO.NEXTVAL,20,'RUA JOSÉ MARTINS BEZERRA, 13',59020215);
    
INSERT INTO MC_LOGRADOURO(CD_LOGRADOURO, CD_BAIRRO, NM_LOGRADOURO, NR_CEP)
    VALUES (SQ_MC_LOGRADOURO.NEXTVAL,21,'RUA SABIÁ, 121',59632140);  
INSERT INTO MC_LOGRADOURO(CD_LOGRADOURO, CD_BAIRRO, NM_LOGRADOURO, NR_CEP)
    VALUES (SQ_MC_LOGRADOURO.NEXTVAL,21,'RUA ZEUS, 399', 59632215);
    
INSERT INTO MC_LOGRADOURO(CD_LOGRADOURO, CD_BAIRRO, NM_LOGRADOURO, NR_CEP)
    VALUES (SQ_MC_LOGRADOURO.NEXTVAL,22,'RUA ANTONIO JOSÉ DE LIMA, 409',59630508);
INSERT INTO MC_LOGRADOURO(CD_LOGRADOURO, CD_BAIRRO, NM_LOGRADOURO, NR_CEP)
    VALUES (SQ_MC_LOGRADOURO.NEXTVAL,22,'RUA SERGINA LUCINDA ALVES, 367',59630640);
    
INSERT INTO MC_LOGRADOURO(CD_LOGRADOURO, CD_BAIRRO, NM_LOGRADOURO, NR_CEP)
    VALUES (SQ_MC_LOGRADOURO.NEXTVAL,23,'RUA EDGAR DANTAS, 42',59140290);
INSERT INTO MC_LOGRADOURO(CD_LOGRADOURO, CD_BAIRRO, NM_LOGRADOURO, NR_CEP)
    VALUES (SQ_MC_LOGRADOURO.NEXTVAL,23,'RUA TENENTE OSÓRIO, 1999',59140285);
    
INSERT INTO MC_LOGRADOURO(CD_LOGRADOURO, CD_BAIRRO, NM_LOGRADOURO, NR_CEP)
    VALUES (SQ_MC_LOGRADOURO.NEXTVAL,24,'RUA DAS AMORAS, 54',59152675);
INSERT INTO MC_LOGRADOURO(CD_LOGRADOURO, CD_BAIRRO, NM_LOGRADOURO, NR_CEP)
    VALUES (SQ_MC_LOGRADOURO.NEXTVAL,24,'RUA SERRA DO CARMO, 51',59152698);
    
INSERT INTO MC_LOGRADOURO(CD_LOGRADOURO, CD_BAIRRO, NM_LOGRADOURO, NR_CEP)
    VALUES (SQ_MC_LOGRADOURO.NEXTVAL,25,'RUA LOURIVAL LEITE PALHARES, 52',89209550);
INSERT INTO MC_LOGRADOURO(CD_LOGRADOURO, CD_BAIRRO, NM_LOGRADOURO, NR_CEP)
    VALUES (SQ_MC_LOGRADOURO.NEXTVAL,25,'RUA HERMÍNIO PICOLLI, 12',89209615);
    
INSERT INTO MC_LOGRADOURO(CD_LOGRADOURO, CD_BAIRRO, NM_LOGRADOURO, NR_CEP)
    VALUES (SQ_MC_LOGRADOURO.NEXTVAL,26,'RUA UIRAPURU, 100',89225680);
INSERT INTO MC_LOGRADOURO(CD_LOGRADOURO, CD_BAIRRO, NM_LOGRADOURO, NR_CEP)
    VALUES (SQ_MC_LOGRADOURO.NEXTVAL,26,'RUA ARARA, 485',89226010);
    
INSERT INTO MC_LOGRADOURO(CD_LOGRADOURO, CD_BAIRRO, NM_LOGRADOURO, NR_CEP)
    VALUES (SQ_MC_LOGRADOURO.NEXTVAL,27,'RUA CARLOS DA COSTA PEREIRA, 2',88056810);
INSERT INTO MC_LOGRADOURO(CD_LOGRADOURO, CD_BAIRRO, NM_LOGRADOURO, NR_CEP)
    VALUES (SQ_MC_LOGRADOURO.NEXTVAL,27,'RUA NICOLINO TANCREDO, 322',88056840);
    
INSERT INTO MC_LOGRADOURO(CD_LOGRADOURO, CD_BAIRRO, NM_LOGRADOURO, NR_CEP)
    VALUES (SQ_MC_LOGRADOURO.NEXTVAL,28,'RUA DAS CORTICEIRAS, 466',88063160);
INSERT INTO MC_LOGRADOURO(CD_LOGRADOURO, CD_BAIRRO, NM_LOGRADOURO, NR_CEP)
    VALUES (SQ_MC_LOGRADOURO.NEXTVAL,28,'RUA JARDIM DOS EUCALIPTOS, 800',88063270);
    
INSERT INTO MC_LOGRADOURO(CD_LOGRADOURO, CD_BAIRRO, NM_LOGRADOURO, NR_CEP)
    VALUES (SQ_MC_LOGRADOURO.NEXTVAL,29,'RUA PEDRO PINTO CORRÊA, 214',88332240);
INSERT INTO MC_LOGRADOURO(CD_LOGRADOURO, CD_BAIRRO, NM_LOGRADOURO, NR_CEP)
    VALUES (SQ_MC_LOGRADOURO.NEXTVAL,29,'RUA BENTO CUNHA, 549',88332170);
    
INSERT INTO MC_LOGRADOURO(CD_LOGRADOURO, CD_BAIRRO, NM_LOGRADOURO, NR_CEP)
    VALUES (SQ_MC_LOGRADOURO.NEXTVAL,30,'RUA ROMEU PEREIRA, 23',88331045);
INSERT INTO MC_LOGRADOURO(CD_LOGRADOURO, CD_BAIRRO, NM_LOGRADOURO, NR_CEP)
    VALUES (SQ_MC_LOGRADOURO.NEXTVAL,30,'RUA MIGUEL MATTE, 376',88331030);
    
    
    
/*Por fim, cadastre na tabela de ENDERECO FUNCIONARIO todos os funcionários com no mínimo 1 endereço para cada um. 
Escolha vários estados do Brasil, ou seja, um funcionário pode residir em mais de uma localidade, dado que a empresa 
Melhores Compras incentiva o trabalho em formato home office. 
*/

INSERT INTO MC_END_FUNC(CD_FUNCIONARIO, CD_LOGRADOURO, NR_END, DS_COMPLEMENTO_END, DT_INICIO, 
DT_TERMINO,ST_END)
VALUES (1,60,376,'RUA MIGUEL MATTE', TO_DATE('10/10/2000','DD/MM/YYYY'),NULL,'A');
INSERT INTO MC_END_FUNC (CD_FUNCIONARIO, CD_LOGRADOURO, NR_END, DS_COMPLEMENTO_END, DT_INICIO, 
DT_TERMINO,ST_END)
VALUES(2,59,23,	'RUA ROMEU PEREIRA',TO_DATE('18/07/2008','DD/MM/YYYY'),NULL,'A');
INSERT INTO MC_END_FUNC (CD_FUNCIONARIO, CD_LOGRADOURO, NR_END, DS_COMPLEMENTO_END, DT_INICIO, 
DT_TERMINO,ST_END)
VALUES(3,58,549,'RUA BENTO CUNHA', TO_DATE('31/03/2009', 'DD/MM/YYYY'), NULL,'A');
INSERT INTO MC_END_FUNC (CD_FUNCIONARIO, CD_LOGRADOURO, NR_END, DS_COMPLEMENTO_END, DT_INICIO, 
DT_TERMINO,ST_END)
VALUES(4,57,214,'RUA PEDRO PINTO CORRÊA',TO_DATE('31/03/1990', 'DD/MM/YYYY'), NULL,'A');
INSERT INTO MC_END_FUNC (CD_FUNCIONARIO, CD_LOGRADOURO, NR_END, DS_COMPLEMENTO_END, DT_INICIO, 
DT_TERMINO,ST_END)
VALUES(5,56,800,'RUA JARDIM DOS EUCALIPTOS',TO_DATE('31/08/2011','DD/MM/YYYY'),NULL,'A');
INSERT INTO MC_END_FUNC(CD_FUNCIONARIO, CD_LOGRADOURO, NR_END, DS_COMPLEMENTO_END, DT_INICIO, 
DT_TERMINO,ST_END)
VALUES(6,55,466,'RUA DAS CORTICEIRAS',TO_DATE('21/07/2010','DD/MM/YYYY'),NULL,'A');
INSERT INTO MC_END_FUNC (CD_FUNCIONARIO, CD_LOGRADOURO, NR_END, DS_COMPLEMENTO_END, DT_INICIO, 
DT_TERMINO,ST_END)
VALUES(7,54,322,'RUA NICOLINO TANCREDO',TO_DATE('14/06/2011','DD/MM/YYYY'),NULL,'A');
INSERT INTO MC_END_FUNC (CD_FUNCIONARIO, CD_LOGRADOURO, NR_END, DS_COMPLEMENTO_END, DT_INICIO, 
DT_TERMINO,ST_END)
VALUES(8,53,2,'RUA CARLOS DA COSTA PEREIRA',TO_DATE('18/05/1991', 'DD/MM/YYYY'),NULL,'A');
INSERT INTO MC_END_FUNC (CD_FUNCIONARIO, CD_LOGRADOURO, NR_END, DS_COMPLEMENTO_END, DT_INICIO, 
DT_TERMINO,ST_END)
VALUES(9,52,485,'RUA ARARA',TO_DATE('18/05/2005','DD/MM/YYYY'),NULL,'A');
INSERT INTO MC_END_FUNC (CD_FUNCIONARIO, CD_LOGRADOURO, NR_END, DS_COMPLEMENTO_END, DT_INICIO, 
DT_TERMINO,ST_END)
VALUES(10,51,100,'RUA UIRAPURU',TO_DATE('23/09/2009', 'DD/MM/YYYY'),NULL,'A');
INSERT INTO MC_END_FUNC(CD_FUNCIONARIO, CD_LOGRADOURO, NR_END, DS_COMPLEMENTO_END, DT_INICIO, 
DT_TERMINO,ST_END)
VALUES(11,50,12,'RUA HERMÍNIO PICOLLI',	TO_DATE('20/11/2006', 'DD/MM/YYYY'),NULL,'A');
INSERT INTO MC_END_FUNC (CD_FUNCIONARIO, CD_LOGRADOURO, NR_END, DS_COMPLEMENTO_END, DT_INICIO, 
DT_TERMINO,ST_END)
VALUES(12,49,52,'RUA LOURIVAL LEITE PALHARES',	TO_DATE('20/11/1992', 'DD/MM/YYYY'),NULL,'A');
INSERT INTO MC_END_FUNC (CD_FUNCIONARIO, CD_LOGRADOURO, NR_END, DS_COMPLEMENTO_END, DT_INICIO, 
DT_TERMINO,ST_END)
VALUES(13,48,51,'RUA SERRA DO CARMO',TO_DATE('10/02/1997', 'DD/MM/YYYY'),NULL,'A');
INSERT INTO MC_END_FUNC (CD_FUNCIONARIO, CD_LOGRADOURO, NR_END, DS_COMPLEMENTO_END, DT_INICIO, 
DT_TERMINO,ST_END)
VALUES(14,47,54,'RUA DAS AMORAS',TO_DATE('17/06/2006','DD/MM/YYYY'),NULL,'A');
INSERT INTO MC_END_FUNC(CD_FUNCIONARIO, CD_LOGRADOURO, NR_END, DS_COMPLEMENTO_END, DT_INICIO, 
DT_TERMINO,ST_END)
VALUES(15,46,1999,'RUA TENENTE OSÓRIO',TO_DATE('18/09/2012', 'DD/MM/YYYY'),NULL,'A');
INSERT INTO MC_END_FUNC (CD_FUNCIONARIO, CD_LOGRADOURO, NR_END, DS_COMPLEMENTO_END, DT_INICIO, 
DT_TERMINO,ST_END)
VALUES (16,45,42,'RUA EDGAR DANTAS',TO_DATE('18/05/2005','DD/MM/YYYY'),NULL,'A');
INSERT INTO MC_END_FUNC (CD_FUNCIONARIO, CD_LOGRADOURO, NR_END, DS_COMPLEMENTO_END, DT_INICIO, 
DT_TERMINO,ST_END)
VALUES(17,44,367,'RUA SERGINA LUCINDA ALVES',TO_DATE('18/05/2005','DD/MM/YYYY'),NULL,'A');
INSERT INTO MC_END_FUNC(CD_FUNCIONARIO, CD_LOGRADOURO, NR_END, DS_COMPLEMENTO_END, DT_INICIO, 
DT_TERMINO,ST_END)
VALUES(18,43,409,'RUA ANTONIO JOSÉ DE LIMA',TO_DATE('18/05/2005', 'DD/MM/YYYY'),NULL,'A');
INSERT INTO MC_END_FUNC(CD_FUNCIONARIO, CD_LOGRADOURO, NR_END, DS_COMPLEMENTO_END, DT_INICIO, 
DT_TERMINO,ST_END)
VALUES(19,42,399,'RUA ZEUS',TO_DATE('18/05/2005','DD/MM/YYYY'),NULL,'A');
INSERT INTO MC_END_FUNC(CD_FUNCIONARIO, CD_LOGRADOURO, NR_END, DS_COMPLEMENTO_END, DT_INICIO, 
DT_TERMINO,ST_END)
VALUES(20,41,121,'RUA SABIÁ',TO_DATE('18/05/2005','DD/MM/YYYY'),NULL,'A');
INSERT INTO MC_END_FUNC(CD_FUNCIONARIO, CD_LOGRADOURO, NR_END, DS_COMPLEMENTO_END, DT_INICIO, 
DT_TERMINO,ST_END)
VALUES(21,4,13,'RUA JOSÉ MARTINS BEZERRA',TO_DATE('18/05/2005','DD/MM/YYYY'),NULL,	'A');
INSERT INTO MC_END_FUNC(CD_FUNCIONARIO, CD_LOGRADOURO, NR_END, DS_COMPLEMENTO_END, DT_INICIO, 
DT_TERMINO,ST_END)
VALUES(22,39,378, 'RUA CEARÁ MIRIM',TO_DATE('18/05/2005','DD/MM/YYYY'),NULL,'A');
INSERT INTO MC_END_FUNC(CD_FUNCIONARIO, CD_LOGRADOURO, NR_END, DS_COMPLEMENTO_END, DT_INICIO, 
DT_TERMINO,ST_END)
VALUES (23,38,2030,'RUA PEDRO FONSECA FILHO',TO_DATE('18/05/2005', 'DD/MM/YYYY'),NULL,'A');
INSERT INTO MC_END_FUNC(CD_FUNCIONARIO, CD_LOGRADOURO, NR_END, DS_COMPLEMENTO_END, DT_INICIO, 
DT_TERMINO,ST_END)
VALUES (24,37,153,'RUA ERIVAN FRANÇA',	TO_DATE('15/02/2008', 'DD/MM/YYYY'),NULL,'A');
INSERT INTO MC_END_FUNC(CD_FUNCIONARIO, CD_LOGRADOURO, NR_END, DS_COMPLEMENTO_END, DT_INICIO, 
DT_TERMINO,ST_END)
VALUES(25,36,132,'RUA SILVESTRE DIAS PINHEIRO',	TO_DATE('15/02/2023', 'DD/MM/YYYY'),NULL,'A');
INSERT INTO MC_END_FUNC(CD_FUNCIONARIO, CD_LOGRADOURO, NR_END, DS_COMPLEMENTO_END, DT_INICIO, 
DT_TERMINO,ST_END)
VALUES(26,35,75,'RUA VINTE E OITO',	TO_DATE('15/02/2023', 'DD/MM/YYYY'),NULL,'A');
INSERT INTO MC_END_FUNC (CD_FUNCIONARIO, CD_LOGRADOURO, NR_END, DS_COMPLEMENTO_END, DT_INICIO, 
DT_TERMINO,ST_END)
VALUES(27,34,650,'AVENIDA DA ESPERANÇA',TO_DATE('15/02/2023', 'DD/MM/YYYY'),NULL,'A');
INSERT INTO MC_END_FUNC (CD_FUNCIONARIO, CD_LOGRADOURO, NR_END, DS_COMPLEMENTO_END, DT_INICIO, 
DT_TERMINO,ST_END)
VALUES(28,33,30,'RUA DA AMIZADE',TO_DATE('15/02/2005','DD/MM/YYYY'),NULL,'A');
INSERT INTO MC_END_FUNC (CD_FUNCIONARIO, CD_LOGRADOURO, NR_END, DS_COMPLEMENTO_END, DT_INICIO, 
DT_TERMINO,ST_END)
VALUES(29,32,171,'RUA MADRE DE DEUS', TO_DATE('15/02/2023','DD/MM/YYYY'),NULL,'A');
INSERT INTO MC_END_FUNC (CD_FUNCIONARIO, CD_LOGRADOURO, NR_END, DS_COMPLEMENTO_END, DT_INICIO, 
DT_TERMINO,ST_END)
VALUES(30,31,14,'RUA DO BOM JESUS',	TO_DATE('15/02/2023', 'DD/MM/YYYY'),NULL,'A');
INSERT INTO MC_END_FUNC (CD_FUNCIONARIO, CD_LOGRADOURO, NR_END, DS_COMPLEMENTO_END, DT_INICIO, 
DT_TERMINO,ST_END)
VALUES(31,30,171,'RUA AMAZONAS',TO_DATE('18/02/2021','DD/MM/YYYY'),NULL,'A');
INSERT INTO MC_END_FUNC (CD_FUNCIONARIO, CD_LOGRADOURO, NR_END, DS_COMPLEMENTO_END, DT_INICIO, 
DT_TERMINO,ST_END)
VALUES(32,29,32,'RUA TOMÉ GIBSON',TO_DATE('15/02/2010','DD/MM/YYYY'),NULL,'A');
INSERT INTO MC_END_FUNC (CD_FUNCIONARIO, CD_LOGRADOURO, NR_END, DS_COMPLEMENTO_END, DT_INICIO, 
DT_TERMINO,ST_END)
VALUES(33,28,27,'RUA TEÓFILO DIAS',	TO_DATE('02/11/2018','DD/MM/YYYY'),NULL,'A');
INSERT INTO MC_END_FUNC (CD_FUNCIONARIO, CD_LOGRADOURO, NR_END, DS_COMPLEMENTO_END, DT_INICIO, 
DT_TERMINO,ST_END)
VALUES(34,27,275,'AVENIDA OSWALDO CRUZ',TO_DATE('02/07/2017','DD/MM/YYYY'),NULL,'A');
INSERT INTO MC_END_FUNC (CD_FUNCIONARIO, CD_LOGRADOURO, NR_END, DS_COMPLEMENTO_END, DT_INICIO, 
DT_TERMINO,ST_END)
VALUES(35,26,12,'RUA MERCÚRIO',	TO_DATE('15/02/2014','DD/MM/YYYY'),NULL,'A');
INSERT INTO MC_END_FUNC (CD_FUNCIONARIO, CD_LOGRADOURO, NR_END, DS_COMPLEMENTO_END, DT_INICIO, 
DT_TERMINO,ST_END)
VALUES(36,25,16,'RUA CADENTE',TO_DATE('16/02/2009','DD/MM/YYYY'),NULL,'A');
INSERT INTO MC_END_FUNC (CD_FUNCIONARIO, CD_LOGRADOURO, NR_END, DS_COMPLEMENTO_END, DT_INICIO, 
DT_TERMINO,ST_END)
VALUES(37,24,2,'RUA POETA DALTEMAR LIMA',TO_DATE('25/02/2009','DD/MM/YYYY'),NULL,'A');
INSERT INTO MC_END_FUNC (CD_FUNCIONARIO, CD_LOGRADOURO, NR_END, DS_COMPLEMENTO_END, DT_INICIO, 
DT_TERMINO,ST_END)
VALUES(38,23,96,'RUA ENG. REGINALDO ARCURI',TO_DATE('21/06/2012','DD/MM/YYYY'),NULL,'A');
INSERT INTO MC_END_FUNC (CD_FUNCIONARIO, CD_LOGRADOURO, NR_END, DS_COMPLEMENTO_END, DT_INICIO, 
DT_TERMINO,ST_END)
VALUES(39,	22,	242,'RUA HUMBERTO BERZOINI',TO_DATE('25/02/2009','DD/MM/YYYY'),NULL,'A');
INSERT INTO MC_END_FUNC (CD_FUNCIONARIO, CD_LOGRADOURO, NR_END, DS_COMPLEMENTO_END, DT_INICIO, 
DT_TERMINO,ST_END)
VALUES(40,21,781,'RUA IBITIGUAIA',TO_DATE('9/4/2010','DD/MM/YYYY'),NULL,'A');
INSERT INTO MC_END_FUNC (CD_FUNCIONARIO, CD_LOGRADOURO, NR_END, DS_COMPLEMENTO_END, DT_INICIO, 
DT_TERMINO,ST_END)
VALUES(41,20,33,'RUA ZUMBI DOS PALMARES',TO_DATE('7/3/2010','DD/MM/YYYY'),NULL,'A');
INSERT INTO MC_END_FUNC (CD_FUNCIONARIO, CD_LOGRADOURO, NR_END, DS_COMPLEMENTO_END, DT_INICIO, 
DT_TERMINO,ST_END)
VALUES(42,19,222,'RUA VALE DO IPÊ',	TO_DATE('8/9/2015','DD/MM/YYYY'),NULL,'A');
INSERT INTO MC_END_FUNC (CD_FUNCIONARIO, CD_LOGRADOURO, NR_END, DS_COMPLEMENTO_END, DT_INICIO, 
DT_TERMINO,ST_END)
VALUES(43,18,88,'RUA PROF. NELSON DE SENA',	TO_DATE('9/8/2018','DD/MM/YYYY'),NULL,'A');
INSERT INTO MC_END_FUNC (CD_FUNCIONARIO, CD_LOGRADOURO, NR_END, DS_COMPLEMENTO_END, DT_INICIO, 
DT_TERMINO,ST_END)
VALUES(44,17,22,'RUA LÍDER',TO_DATE('1/2/2005','DD/MM/YYYY'),NULL, 'A');
INSERT INTO MC_END_FUNC (CD_FUNCIONARIO, CD_LOGRADOURO, NR_END, DS_COMPLEMENTO_END, DT_INICIO, 
DT_TERMINO,ST_END)
VALUES(45,16,253,'RUA JOAQUIM CARRIJO NETTO',TO_DATE('9/8/2022', 'DD/MM/YYYY'),NULL,'A');
INSERT INTO MC_END_FUNC (CD_FUNCIONARIO, CD_LOGRADOURO, NR_END, DS_COMPLEMENTO_END, DT_INICIO, 
DT_TERMINO,ST_END)
VALUES(46,15,303,'RUA AGENOR BORGES',TO_DATE('1/2/2000','DD/MM/YYYY'),NULL,'A');
INSERT INTO MC_END_FUNC (CD_FUNCIONARIO, CD_LOGRADOURO, NR_END, DS_COMPLEMENTO_END, DT_INICIO, 
DT_TERMINO,ST_END)
VALUES(47,14,82,'RUA MARIA AUGUSTA MORAIS',	TO_DATE('1/2/2000', 'DD/MM/YYYY'),NULL,'A');
INSERT INTO MC_END_FUNC (CD_FUNCIONARIO, CD_LOGRADOURO, NR_END, DS_COMPLEMENTO_END, DT_INICIO, 
DT_TERMINO,ST_END)
VALUES(48,13,212,'RUA JOÃO AUGUSTO LOPES',TO_DATE('1/2/2005', 'DD/MM/YYYY'),NULL,'A');
INSERT INTO MC_END_FUNC (CD_FUNCIONARIO, CD_LOGRADOURO, NR_END, DS_COMPLEMENTO_END, DT_INICIO, 
DT_TERMINO,ST_END)
VALUES(49,12,2,'RUA PEDRO GIROTO',	TO_DATE('1/2/2006', 'DD/MM/YYYY'),NULL,	'A');
INSERT INTO MC_END_FUNC (CD_FUNCIONARIO, CD_LOGRADOURO, NR_END, DS_COMPLEMENTO_END, DT_INICIO, 
DT_TERMINO,ST_END)
VALUES(50,11,90,'RUA JOSÉ JAIME DELIBO',TO_DATE('2/1/2006', 'DD/MM/YYYY'),NULL,'A');
INSERT INTO MC_END_FUNC (CD_FUNCIONARIO, CD_LOGRADOURO, NR_END, DS_COMPLEMENTO_END, DT_INICIO, 
DT_TERMINO,ST_END)
VALUES(51,10,251,'RUA JOAQUIM LEONARDO',TO_DATE('2/1/2006', 'DD/MM/YYYY'),NULL,'A');
INSERT INTO MC_END_FUNC (CD_FUNCIONARIO, CD_LOGRADOURO, NR_END, DS_COMPLEMENTO_END, DT_INICIO, 
DT_TERMINO,ST_END)
VALUES(1,9,160,	'RUA ALEXANDRE SETI',TO_DATE('10/10/2000','DD/MM/YYYY'),NULL,'A');
INSERT INTO MC_END_FUNC (CD_FUNCIONARIO, CD_LOGRADOURO, NR_END, DS_COMPLEMENTO_END, DT_INICIO, 
DT_TERMINO,ST_END)
VALUES(2,8,245,'RUA BALTAZAR',TO_DATE('18/07/2008', 'DD/MM/YYYY'),NULL,'A');
INSERT INTO MC_END_FUNC (CD_FUNCIONARIO, CD_LOGRADOURO, NR_END, DS_COMPLEMENTO_END, DT_INICIO, 
DT_TERMINO,ST_END)
VALUES(3,7,223, 'RUA CELINA',TO_DATE('31/3/2009', 'DD/MM/YYYY'),NULL,'A');
INSERT INTO MC_END_FUNC(CD_FUNCIONARIO, CD_LOGRADOURO, NR_END, DS_COMPLEMENTO_END, DT_INICIO, 
DT_TERMINO,ST_END)
VALUES(4,6,333,'RUA BAVIERA',TO_DATE('31/3/1990', 'DD/MM/YYYY'),NULL,'A');
INSERT INTO MC_END_FUNC (CD_FUNCIONARIO, CD_LOGRADOURO, NR_END, DS_COMPLEMENTO_END, DT_INICIO, 
DT_TERMINO,ST_END)
VALUES(5,5,74,'RUA ARUBA',TO_DATE('31/08/2011', 'DD/MM/YYYY'),NULL,'A');
INSERT INTO MC_END_FUNC (CD_FUNCIONARIO, CD_LOGRADOURO, NR_END, DS_COMPLEMENTO_END, DT_INICIO, 
DT_TERMINO,ST_END)
VALUES(6,4,1211,'RUA CYRENIA ARRUDA CAMARGO',TO_DATE('21/07/2010','DD/MM/YYYY'),NULL,'A');
INSERT INTO MC_END_FUNC(CD_FUNCIONARIO, CD_LOGRADOURO, NR_END, DS_COMPLEMENTO_END, DT_INICIO, 
DT_TERMINO,ST_END)
VALUES(7,3,112,	'RUA LUÍS PAOLIERI',TO_DATE('14/06/2011','DD/MM/YYYY'),NULL,'A');
INSERT INTO MC_END_FUNC(CD_FUNCIONARIO, CD_LOGRADOURO, NR_END, DS_COMPLEMENTO_END, DT_INICIO, 
DT_TERMINO,ST_END)
VALUES(8,2,129,	'RUA MIGUEL JOÃO JORGE',TO_DATE('18/05/1991','DD/MM/YYYY'),NULL,'A');
INSERT INTO MC_END_FUNC (CD_FUNCIONARIO, CD_LOGRADOURO, NR_END, DS_COMPLEMENTO_END, DT_INICIO, 
DT_TERMINO,ST_END)
VALUES(9,1,249,	'RUA RODOLFO PANONI',TO_DATE('18/05/2005','DD/MM/YYYY'),NULL,'A');


--Adionando Categorias com (P)produtos
--Inserindo Categoria Artesanato
INSERT INTO MC_CATEGORIA_PROD (cd_categoria, tp_categoria, ds_categoria, dt_inicio, st_categoria)
VALUES (SQ_MC_CATEGORIA.NEXTVAL, 'P', 'Produtos de Artesanato são as peças feitas manualmente por um artesão', TO_DATE('10/04/2023', 'DD/MM/YYYY'),'A'); 
--Inserindo Categoria Audio
INSERT INTO MC_CATEGORIA_PROD (cd_categoria, tp_categoria, ds_categoria, dt_inicio, st_categoria)
VALUES (SQ_MC_CATEGORIA.NEXTVAL, 'P', 'Produtos de áudio estao relacionado com a técnica de gravação, transmissão e reprodução dos sons', TO_DATE('10/04/2023', 'DD/MM/YYYY'),'A');
--Inserindo Categoria Brinquedos
INSERT INTO MC_CATEGORIA_PROD (cd_categoria, tp_categoria, ds_categoria, dt_inicio, st_categoria)
VALUES (SQ_MC_CATEGORIA.NEXTVAL, 'P', 'É considerado brinquedo todo e qualquer objeto utilizado para o divertimento de adultos e crianças', TO_DATE('10/04/2023', 'DD/MM/YYYY'),'A');
--Inserindo Categoria Celulares e Smartphones
INSERT INTO MC_CATEGORIA_PROD (cd_categoria, tp_categoria, ds_categoria, dt_inicio, st_categoria)
VALUES (SQ_MC_CATEGORIA.NEXTVAL, 'P', 'Todos os  celulares ou smartphones', TO_DATE('10/04/2023', 'DD/MM/YYYY'),'A');
--Inserindo Categoria Colchões
INSERT INTO MC_CATEGORIA_PROD (cd_categoria, tp_categoria, ds_categoria, dt_inicio, st_categoria)
VALUES (SQ_MC_CATEGORIA.NEXTVAL, 'P', 'Colchões de todos os modelos', TO_DATE('10/04/2023', 'DD/MM/YYYY'),'A');
--Inserindo Categoria Esporte e Lazer
INSERT INTO MC_CATEGORIA_PROD (cd_categoria, tp_categoria, ds_categoria, dt_inicio, st_categoria)
VALUES (SQ_MC_CATEGORIA.NEXTVAL, 'P', 'Todos os esportes livres para proporcionar lazer e diversão', TO_DATE('10/04/2023', 'DD/MM/YYYY'),'A');
--Inserindo Categoria Ferramentas
INSERT INTO MC_CATEGORIA_PROD (cd_categoria, tp_categoria, ds_categoria, dt_inicio, st_categoria)
VALUES (SQ_MC_CATEGORIA.NEXTVAL, 'P', 'Todos os modelos de Ferramentas para auxiliar na realização de tarefas ', TO_DATE('10/04/2023', 'DD/MM/YYYY'),'A');
--Inserindo Categoria Games
INSERT INTO MC_CATEGORIA_PROD (cd_categoria, tp_categoria, ds_categoria, dt_inicio, st_categoria)
VALUES (SQ_MC_CATEGORIA.NEXTVAL, 'P', 'Tudo de jogo ou videogame', TO_DATE('10/04/2023', 'DD/MM/YYYY'),'A');
--Inserindo Categoria Livros
INSERT INTO MC_CATEGORIA_PROD (cd_categoria, tp_categoria, ds_categoria, dt_inicio, st_categoria)
VALUES (SQ_MC_CATEGORIA.NEXTVAL, 'P', 'Livros de todos os generos', TO_DATE('10/04/2023', 'DD/MM/YYYY'),'A');
--Inserindo Categoria Pet Shop
INSERT INTO MC_CATEGORIA_PROD (cd_categoria, tp_categoria, ds_categoria, dt_inicio, st_categoria)
VALUES (SQ_MC_CATEGORIA.NEXTVAL, 'P', 'Tudo relacionado a Pet Shop', TO_DATE('10/04/2023', 'DD/MM/YYYY'),'A');
--Inserindo Categoria TV
INSERT INTO MC_CATEGORIA_PROD (cd_categoria, tp_categoria, ds_categoria, dt_inicio, st_categoria)
VALUES (SQ_MC_CATEGORIA.NEXTVAL, 'P', 'Televisores de todos os modelos', TO_DATE('10/04/2023', 'DD/MM/YYYY'),'A');
--Inserindo Categoria Utilidade Domesticas
INSERT INTO MC_CATEGORIA_PROD (cd_categoria, tp_categoria, ds_categoria, dt_inicio, st_categoria)
VALUES (SQ_MC_CATEGORIA.NEXTVAL, 'P', 'Objetos uteis que são utilizados no lar', TO_DATE('10/04/2023', 'DD/MM/YYYY'),'I');

--Adionando Categorias com (V)Videos

-- Adicionando Categorias Instalação do produto
INSERT INTO MC_CATEGORIA_PROD (cd_categoria, tp_categoria, ds_categoria, dt_inicio, st_categoria)
VALUES (SQ_MC_CATEGORIA.NEXTVAL, 'V', 'Como será feita a instalação do produto', TO_DATE('10/04/2023', 'DD/MM/YYYY'),'A');
-- Adicionando Categorias Uso no cotidiano
INSERT INTO MC_CATEGORIA_PROD (cd_categoria, tp_categoria, ds_categoria, dt_inicio, st_categoria)
VALUES (SQ_MC_CATEGORIA.NEXTVAL, 'V', 'Como será utilizado o produto no cotidiano', TO_DATE('10/04/2023', 'DD/MM/YYYY'),'A');
-- Adicionando Categorias Comercial com personalidade
INSERT INTO MC_CATEGORIA_PROD (cd_categoria, tp_categoria, ds_categoria, dt_inicio, st_categoria)
VALUES (SQ_MC_CATEGORIA.NEXTVAL, 'V', 'Comercial com personalidade', TO_DATE('10/04/2023', 'DD/MM/YYYY'),'A');





--Deletar todos os dados de MC_CATEGORIA_PROD
DELETE FROM MC_CATEGORIA_PROD;
-- Consultando todos os dados da tabela MC_CATEGORIA_PROD
SELECT * FROM MC_CATEGORIA_PROD;

--Deletando todos os dados da tabela MC_END_FUNC 
DELETE FROM MC_END_FUNC
--Consultando todos os dados da tabela MC_END_FUNC
SELECT * FROM MC_END_FUNC;    

--Deletando todos os dados da tabela MC_LOGRADOURO 
DELETE FROM MC_LOGRADOURO;
--Consultando todos os dados da tabela MC_LOGRADOURO
SELECT * FROM MC_LOGRADOURO;

--Deletando todos os dados da tabela MC_BAIRRO 
DELETE FROM MC_BAIRRO;
--Consultando todos os dados da tabela MC_BAIRRO
SELECT * FROM MC_BAIRRO;

--Deletando todos os dados da tabela MC_CIDADE 
DELETE FROM MC_CIDADE;
--Consultando todos os dados da tabela MC_CIDADE
SELECT * FROM MC_CIDADE;

--Deletando todos os dados da tabela MC_ESTADO 
DELETE FROM MC_ESTADO;
--Consultando todos os dados da tabela MC_ESTADO
SELECT * FROM MC_ESTADO;

--Deletando todos os dados da tabela MC_FUNCIOANRIO
DELETE FROM MC_FUNCIONARIO;
--Consultando todos os dados da tabela MC_FUNCIONARIO
SELECT * FROM MC_FUNCIONARIO;

--Deleta todods os dados da tabela MC_DEPTO
DELETE FROM MC_DEPTO ;
--Consulta todos os dados da tabela MC_DEPTO
SELECT * FROM MC_DEPTO;



